,longitude,latitude,housing_median_age,total_rooms,total_bedrooms,population,households,median_income,median_house_value,ocean_proximity
9000,-118.34,34.0,49.0,2465.0,372.0,1018.0,359.0,4.0,296800.0,<1H OCEAN
9001,-118.34,33.99,47.0,1107.0,199.0,437.0,178.0,3.7344,179400.0,<1H OCEAN
9002,-118.34,33.99,48.0,1172.0,205.0,497.0,190.0,3.825,183000.0,<1H OCEAN
9003,-118.35,34.0,40.0,2894.0,395.0,1063.0,409.0,6.939,372000.0,<1H OCEAN
9004,-118.6,34.13,20.0,14291.0,1934.0,5452.0,1875.0,9.1232,472000.0,<1H OCEAN
9005,-118.58,34.12,42.0,718.0,140.0,324.0,131.0,6.4018,500001.0,<1H OCEAN
9006,-118.59,34.11,35.0,2396.0,472.0,1054.0,457.0,6.4504,407000.0,<1H OCEAN
9007,-118.6,34.09,43.0,2228.0,438.0,960.0,395.0,7.6091,438500.0,<1H OCEAN
9008,-118.6,34.08,40.0,866.0,181.0,399.0,176.0,6.91,380000.0,<1H OCEAN
9009,-118.6,34.07,16.0,319.0,59.0,149.0,64.0,4.625,433300.0,<1H OCEAN
9010,-118.69,34.08,23.0,204.0,40.0,117.0,41.0,9.7646,500001.0,NEAR OCEAN
9011,-118.66,34.1,12.0,2560.0,365.0,907.0,366.0,10.076,500001.0,NEAR OCEAN
9012,-118.63,34.11,35.0,3795.0,690.0,1521.0,653.0,5.8735,448100.0,<1H OCEAN
9013,-118.67,34.16,17.0,16544.0,2206.0,6214.0,2118.0,9.1228,500001.0,<1H OCEAN
9014,-118.68,34.08,18.0,102.0,17.0,55.0,21.0,3.9934,500001.0,NEAR OCEAN
9015,-118.68,34.13,9.0,11251.0,1594.0,3029.0,1227.0,6.7273,500001.0,<1H OCEAN
9016,-118.76,34.13,10.0,4355.0,716.0,2030.0,674.0,6.5571,500001.0,NEAR OCEAN
9017,-118.75,34.1,34.0,2255.0,402.0,857.0,317.0,4.5333,377300.0,NEAR OCEAN
9018,-118.72,34.14,7.0,23866.0,4407.0,9873.0,4012.0,5.4032,318500.0,NEAR OCEAN
9019,-118.78,34.16,9.0,30405.0,4093.0,12873.0,3931.0,8.0137,399200.0,NEAR OCEAN
9020,-118.8,34.15,9.0,1143.0,179.0,647.0,180.0,6.8474,356700.0,NEAR OCEAN
9021,-118.75,34.17,16.0,2950.0,387.0,1228.0,379.0,5.3749,346100.0,NEAR OCEAN
9022,-118.84,34.11,12.0,7508.0,1058.0,2484.0,965.0,5.8788,500001.0,NEAR OCEAN
9023,-118.82,34.14,22.0,11668.0,1730.0,4054.0,1671.0,6.9935,385500.0,NEAR OCEAN
9024,-118.79,34.14,7.0,3003.0,504.0,1143.0,466.0,5.8548,500001.0,NEAR OCEAN
9025,-118.74,34.05,19.0,3487.0,686.0,2782.0,584.0,7.9184,500001.0,NEAR OCEAN
9026,-118.86,34.07,16.0,1409.0,244.0,970.0,172.0,8.0144,500001.0,NEAR OCEAN
9027,-118.88,34.02,19.0,15990.0,2611.0,5175.0,2173.0,7.7848,500001.0,NEAR OCEAN
9028,-118.85,34.04,21.0,3837.0,578.0,1509.0,509.0,8.4476,500001.0,NEAR OCEAN
9029,-118.78,34.05,28.0,1343.0,215.0,487.0,199.0,6.83,500001.0,NEAR OCEAN
9030,-118.58,34.06,25.0,4440.0,693.0,1560.0,636.0,8.8666,500001.0,<1H OCEAN
9031,-118.6,34.02,36.0,2043.0,467.0,606.0,326.0,8.4331,500001.0,NEAR OCEAN
9032,-118.62,34.06,25.0,3546.0,584.0,1530.0,601.0,7.4001,500001.0,NEAR OCEAN
9033,-118.66,34.02,23.0,8798.0,1465.0,2750.0,1208.0,8.7364,500001.0,NEAR OCEAN
9034,-117.76,34.71,15.0,2981.0,625.0,1694.0,540.0,2.9541,106700.0,INLAND
9035,-117.84,34.63,5.0,6739.0,1251.0,4614.0,1266.0,4.002,115100.0,INLAND
9036,-117.78,34.58,6.0,10263.0,1864.0,6163.0,1781.0,3.8803,120000.0,INLAND
9037,-117.96,34.71,32.0,3511.0,646.0,1733.0,510.0,3.46,123900.0,INLAND
9038,-118.09,34.74,34.0,1218.0,285.0,797.0,248.0,2.4348,104800.0,INLAND
9039,-118.06,34.71,14.0,2606.0,514.0,1228.0,512.0,2.5764,150000.0,INLAND
9040,-118.09,34.68,4.0,23386.0,4171.0,10493.0,3671.0,4.0211,144000.0,INLAND
9041,-118.11,34.68,6.0,7430.0,1184.0,3489.0,1115.0,5.3267,140100.0,INLAND
9042,-118.12,34.69,17.0,2479.0,390.0,1219.0,363.0,4.6417,125700.0,INLAND
9043,-118.12,34.68,12.0,5319.0,875.0,2439.0,779.0,4.6629,131500.0,INLAND
9044,-118.13,34.69,34.0,2156.0,397.0,1269.0,388.0,2.75,96800.0,INLAND
9045,-118.13,34.68,28.0,718.0,124.0,347.0,121.0,4.025,102600.0,INLAND
9046,-118.1,34.65,33.0,873.0,177.0,425.0,142.0,2.67,187500.0,INLAND
9047,-118.09,34.71,5.0,5807.0,1182.0,2602.0,1007.0,2.4012,159400.0,INLAND
9048,-118.1,34.7,5.0,10356.0,1647.0,4562.0,1427.0,4.9806,141100.0,INLAND
9049,-118.09,34.7,6.0,4558.0,804.0,1543.0,563.0,2.8548,138500.0,INLAND
9050,-118.1,34.71,16.0,3914.0,819.0,1524.0,795.0,2.415,137500.0,INLAND
9051,-118.12,34.71,26.0,4230.0,823.0,2789.0,793.0,2.5179,104000.0,INLAND
9052,-118.12,34.71,46.0,40.0,10.0,14.0,7.0,1.125,225000.0,INLAND
9053,-118.12,34.7,7.0,4915.0,885.0,2833.0,874.0,4.3229,130000.0,INLAND
9054,-118.13,34.7,34.0,1943.0,500.0,1078.0,446.0,1.1296,93800.0,INLAND
9055,-118.13,34.69,32.0,3670.0,765.0,1986.0,673.0,3.682,108800.0,INLAND
9056,-118.12,34.69,27.0,3019.0,501.0,1580.0,523.0,3.7804,113500.0,INLAND
9057,-118.14,34.68,31.0,2666.0,662.0,1337.0,602.0,2.4432,101100.0,INLAND
9058,-118.14,34.69,35.0,2118.0,374.0,1108.0,360.0,3.4327,100300.0,INLAND
9059,-118.14,34.68,33.0,2815.0,485.0,1447.0,489.0,4.2679,119600.0,INLAND
9060,-118.14,34.68,25.0,1703.0,342.0,775.0,309.0,4.5455,126500.0,INLAND
9061,-118.16,34.68,17.0,2994.0,832.0,1571.0,695.0,2.5902,85400.0,INLAND
9062,-118.15,34.69,32.0,1300.0,234.0,712.0,249.0,3.25,107500.0,INLAND
9063,-118.16,34.68,9.0,4303.0,900.0,2240.0,861.0,3.7807,110900.0,INLAND
9064,-118.15,34.67,5.0,12317.0,2953.0,6291.0,2654.0,3.5732,146900.0,INLAND
9065,-118.14,34.65,20.0,1257.0,201.0,551.0,186.0,4.6591,247200.0,INLAND
9066,-118.14,34.72,15.0,2181.0,361.0,1057.0,300.0,4.625,118100.0,INLAND
9067,-118.16,34.71,27.0,6007.0,998.0,2680.0,882.0,4.1719,117200.0,INLAND
9068,-118.15,34.71,36.0,1338.0,250.0,709.0,250.0,3.5625,101400.0,INLAND
9069,-118.14,34.71,33.0,2347.0,461.0,1482.0,374.0,2.8194,93000.0,INLAND
9070,-118.14,34.71,32.0,1164.0,248.0,588.0,270.0,1.1917,86900.0,INLAND
9071,-118.15,34.71,35.0,1503.0,309.0,842.0,300.0,2.5278,97700.0,INLAND
9072,-118.14,34.7,36.0,1205.0,317.0,678.0,290.0,2.0182,98400.0,INLAND
9073,-118.14,34.7,12.0,1984.0,614.0,1071.0,574.0,1.2532,102100.0,INLAND
9074,-118.15,34.7,36.0,2696.0,454.0,1192.0,452.0,3.9615,116300.0,INLAND
9075,-118.16,34.7,33.0,2918.0,494.0,1365.0,478.0,4.8787,127700.0,INLAND
9076,-118.16,34.69,35.0,3114.0,583.0,1974.0,545.0,3.9028,126800.0,INLAND
9077,-118.14,34.69,34.0,1439.0,327.0,708.0,298.0,3.2699,100000.0,INLAND
9078,-118.14,34.69,48.0,1379.0,327.0,696.0,304.0,2.1167,94900.0,INLAND
9079,-118.28,34.76,19.0,3430.0,601.0,1817.0,571.0,4.7875,163600.0,INLAND
9080,-118.19,34.77,16.0,2035.0,370.0,704.0,330.0,2.1979,146400.0,INLAND
9081,-118.2,34.69,5.0,9076.0,1503.0,7694.0,1278.0,4.875,163400.0,INLAND
9082,-118.17,34.69,12.0,4881.0,803.0,2188.0,724.0,4.1667,171900.0,INLAND
9083,-118.17,34.68,13.0,5341.0,773.0,2288.0,724.0,6.6772,185600.0,INLAND
9084,-118.19,34.67,8.0,11275.0,1822.0,5731.0,1692.0,5.0285,167900.0,INLAND
9085,-118.17,34.67,5.0,8352.0,1555.0,3723.0,1389.0,4.5659,140300.0,INLAND
9086,-118.19,34.65,33.0,1781.0,326.0,913.0,314.0,3.9963,126800.0,INLAND
9087,-118.17,34.66,9.0,1561.0,253.0,731.0,233.0,5.7049,173200.0,INLAND
9088,-118.22,34.67,28.0,2357.0,408.0,1162.0,384.0,4.3636,179700.0,INLAND
9089,-118.23,34.66,25.0,2627.0,387.0,1059.0,338.0,3.6382,138200.0,INLAND
9090,-118.22,34.66,17.0,3810.0,662.0,1867.0,586.0,4.9,152400.0,INLAND
9091,-118.21,34.65,17.0,4001.0,814.0,2313.0,756.0,3.0441,140100.0,INLAND
9092,-118.23,34.65,17.0,1827.0,348.0,766.0,335.0,3.5673,136300.0,INLAND
9093,-118.27,34.68,19.0,552.0,129.0,314.0,106.0,3.2125,185400.0,INLAND
9094,-118.29,34.65,18.0,6893.0,1372.0,2837.0,1221.0,3.3173,218400.0,INLAND
9095,-118.32,34.62,31.0,1398.0,273.0,884.0,299.0,4.8409,264900.0,INLAND
9096,-118.38,34.58,18.0,1859.0,375.0,913.0,372.0,4.3456,148900.0,INLAND
9097,-118.61,34.73,25.0,3080.0,587.0,1558.0,510.0,5.0839,156700.0,INLAND
9098,-118.4,34.7,10.0,4122.0,814.0,2164.0,710.0,4.2941,151600.0,INLAND
9099,-117.92,34.63,34.0,81.0,26.0,53.0,14.0,1.4091,137500.0,INLAND
9100,-117.92,34.59,7.0,681.0,125.0,485.0,104.0,2.7396,125600.0,INLAND
9101,-117.93,34.57,5.0,5613.0,1060.0,3569.0,999.0,3.1946,132700.0,INLAND
9102,-117.9,34.53,8.0,3484.0,647.0,2169.0,619.0,3.9766,135800.0,INLAND
9103,-117.96,34.53,10.0,2907.0,559.0,1681.0,531.0,3.8594,141000.0,INLAND
9104,-117.98,34.53,13.0,2815.0,535.0,1492.0,491.0,4.0945,135700.0,INLAND
9105,-118.09,34.63,31.0,1537.0,416.0,1239.0,397.0,1.9722,99200.0,INLAND
9106,-118.02,34.62,38.0,248.0,55.0,261.0,53.0,2.1413,96900.0,INLAND
9107,-118.18,34.63,19.0,3562.0,606.0,1677.0,578.0,4.1573,228100.0,INLAND
9108,-118.17,34.61,7.0,2465.0,336.0,978.0,332.0,7.1381,292200.0,INLAND
9109,-118.16,34.6,2.0,11008.0,1549.0,4098.0,1367.0,6.4865,204400.0,INLAND
9110,-118.12,34.6,33.0,2189.0,497.0,1459.0,443.0,2.3958,94500.0,INLAND
9111,-118.15,34.59,33.0,2111.0,429.0,1067.0,397.0,3.7344,111400.0,INLAND
9112,-118.16,34.6,5.0,7294.0,1139.0,3123.0,930.0,4.9904,154100.0,INLAND
9113,-118.21,34.56,12.0,2472.0,408.0,1048.0,380.0,4.7097,262100.0,INLAND
9114,-118.22,34.63,4.0,14348.0,2145.0,5839.0,1806.0,5.3799,222400.0,INLAND
9115,-118.21,34.64,16.0,2573.0,427.0,1273.0,426.0,5.9508,181100.0,INLAND
9116,-118.12,34.58,13.0,2614.0,650.0,1949.0,537.0,2.0547,102600.0,INLAND
9117,-118.13,34.58,29.0,2370.0,475.0,1746.0,483.0,3.7464,113500.0,INLAND
9118,-118.14,34.57,6.0,9882.0,1892.0,4892.0,1621.0,3.7636,167600.0,INLAND
9119,-118.12,34.56,5.0,6446.0,1154.0,3427.0,1104.0,3.9936,148500.0,INLAND
9120,-118.1,34.58,32.0,1489.0,306.0,774.0,267.0,3.275,103500.0,INLAND
9121,-118.1,34.58,29.0,2843.0,603.0,1517.0,573.0,2.6658,106900.0,INLAND
9122,-118.1,34.57,7.0,20377.0,4335.0,11973.0,3933.0,3.3086,138100.0,INLAND
9123,-118.09,34.57,4.0,9761.0,1683.0,4970.0,1535.0,4.5266,142900.0,INLAND
9124,-118.08,34.58,5.0,1113.0,186.0,631.0,168.0,4.1719,146600.0,INLAND
9125,-118.07,34.58,34.0,3416.0,601.0,1929.0,567.0,4.0147,107400.0,INLAND
9126,-118.06,34.58,36.0,1493.0,258.0,899.0,260.0,3.86,109300.0,INLAND
9127,-118.08,34.58,12.0,3851.0,857.0,2169.0,811.0,3.0101,116300.0,INLAND
9128,-118.07,34.56,5.0,10264.0,1821.0,5871.0,1790.0,4.2329,145500.0,INLAND
9129,-118.08,34.56,14.0,5144.0,887.0,2846.0,824.0,4.5615,137200.0,INLAND
9130,-118.03,34.58,4.0,9849.0,1780.0,4546.0,1598.0,4.0729,154300.0,INLAND
9131,-118.02,34.57,4.0,10655.0,1706.0,5391.0,1529.0,5.083,151300.0,INLAND
9132,-118.01,34.55,2.0,2701.0,530.0,1368.0,430.0,4.071,137400.0,INLAND
9133,-118.08,34.55,5.0,16181.0,2971.0,8152.0,2651.0,4.5237,141800.0,INLAND
9134,-118.07,34.51,14.0,2798.0,459.0,1236.0,404.0,4.8667,239900.0,INLAND
9135,-118.37,34.43,11.0,17339.0,2866.0,8721.0,2803.0,5.9507,225200.0,INLAND
9136,-118.4,34.41,22.0,4443.0,560.0,1573.0,496.0,10.0285,500001.0,<1H OCEAN
9137,-118.35,34.52,14.0,3490.0,592.0,1710.0,580.0,5.9171,333300.0,INLAND
9138,-118.22,34.52,7.0,4524.0,735.0,2298.0,717.0,6.5538,311600.0,INLAND
9139,-118.26,34.5,6.0,5813.0,908.0,2275.0,790.0,4.7778,340400.0,INLAND
9140,-118.27,34.46,10.0,2184.0,405.0,1119.0,370.0,4.7437,294000.0,INLAND
9141,-118.13,34.44,10.0,2726.0,465.0,1773.0,459.0,4.8295,319100.0,INLAND
9142,-117.89,34.49,12.0,3449.0,598.0,1502.0,540.0,3.7043,150800.0,INLAND
9143,-117.96,34.48,32.0,1896.0,342.0,806.0,299.0,4.5769,159400.0,INLAND
9144,-117.79,34.45,18.0,2986.0,597.0,1355.0,472.0,3.2765,165000.0,INLAND
9145,-118.46,34.4,12.0,25957.0,4798.0,10475.0,4490.0,4.542,195300.0,<1H OCEAN
9146,-118.5,34.45,25.0,1290.0,190.0,689.0,216.0,6.0097,220200.0,<1H OCEAN
9147,-118.5,34.52,3.0,6577.0,1056.0,3032.0,1004.0,5.9263,251800.0,INLAND
9148,-118.48,34.47,36.0,84.0,12.0,29.0,17.0,3.375,187500.0,<1H OCEAN
9149,-118.5,34.46,17.0,10267.0,,4956.0,1483.0,5.5061,239400.0,<1H OCEAN
9150,-118.52,34.44,26.0,934.0,148.0,519.0,162.0,5.3209,185000.0,<1H OCEAN
9151,-118.53,34.44,19.0,3013.0,507.0,1356.0,484.0,5.1163,233200.0,<1H OCEAN
9152,-118.53,34.45,26.0,828.0,149.0,508.0,158.0,5.2374,185500.0,<1H OCEAN
9153,-118.53,34.44,19.0,1285.0,195.0,650.0,193.0,6.0398,217800.0,<1H OCEAN
9154,-118.52,34.46,5.0,15341.0,2527.0,7270.0,2320.0,6.1281,236200.0,<1H OCEAN
9155,-118.53,34.45,10.0,5509.0,969.0,3002.0,959.0,5.5981,220100.0,<1H OCEAN
9156,-118.51,34.43,15.0,8510.0,1258.0,3733.0,1233.0,6.1082,253700.0,<1H OCEAN
9157,-118.46,34.42,25.0,2988.0,525.0,1884.0,513.0,4.7007,169500.0,<1H OCEAN
9158,-118.44,34.5,5.0,1514.0,220.0,1355.0,215.0,8.1344,359000.0,INLAND
9159,-118.45,34.44,16.0,13406.0,2574.0,7030.0,2440.0,4.6861,187900.0,<1H OCEAN
9160,-118.49,34.43,15.0,8244.0,1409.0,4453.0,1357.0,5.4829,199600.0,<1H OCEAN
9161,-118.49,34.42,23.0,4166.0,756.0,2082.0,743.0,4.4107,213400.0,<1H OCEAN
9162,-118.48,34.42,21.0,1375.0,259.0,728.0,258.0,5.0166,229000.0,<1H OCEAN
9163,-118.47,34.42,17.0,913.0,228.0,530.0,201.0,3.038,238500.0,<1H OCEAN
9164,-118.47,34.42,25.0,3223.0,524.0,1763.0,508.0,5.2887,183000.0,<1H OCEAN
9165,-118.43,34.42,13.0,3600.0,580.0,1799.0,576.0,6.2971,218300.0,<1H OCEAN
9166,-118.43,34.43,5.0,21113.0,4386.0,9842.0,3886.0,4.2037,194600.0,<1H OCEAN
9167,-118.55,34.44,14.0,15348.0,2366.0,7087.0,2169.0,6.3277,237700.0,INLAND
9168,-118.56,34.42,2.0,966.0,270.0,233.0,169.0,1.9667,450000.0,<1H OCEAN
9169,-118.61,34.59,5.0,4028.0,896.0,2062.0,826.0,4.0579,167100.0,INLAND
9170,-118.7,34.53,5.0,14275.0,2474.0,7158.0,2311.0,5.4284,236300.0,INLAND
9171,-118.66,34.43,9.0,2356.0,469.0,1556.0,386.0,3.775,155000.0,INLAND
9172,-118.59,34.47,5.0,538.0,98.0,8733.0,105.0,4.2391,154600.0,INLAND
9173,-118.61,34.31,4.0,1949.0,458.0,868.0,398.0,5.0151,285200.0,<1H OCEAN
9174,-118.52,34.39,21.0,5477.0,1275.0,3384.0,1222.0,3.6625,228100.0,<1H OCEAN
9175,-118.53,34.38,18.0,2288.0,607.0,2305.0,597.0,3.227,136100.0,<1H OCEAN
9176,-118.54,34.38,18.0,2096.0,309.0,1044.0,328.0,6.8299,262100.0,<1H OCEAN
9177,-118.52,34.4,5.0,7748.0,1557.0,4768.0,1393.0,5.305,311200.0,<1H OCEAN
9178,-118.53,34.37,8.0,3839.0,852.0,1342.0,593.0,3.9118,333700.0,<1H OCEAN
9179,-118.54,34.37,27.0,2051.0,301.0,917.0,287.0,7.6059,323700.0,<1H OCEAN
9180,-118.52,34.36,5.0,4222.0,712.0,2024.0,646.0,5.8703,500001.0,<1H OCEAN
9181,-118.55,34.37,21.0,7010.0,1063.0,3331.0,1038.0,6.776,278100.0,<1H OCEAN
9182,-118.56,34.37,23.0,3927.0,728.0,1984.0,707.0,4.8536,202600.0,<1H OCEAN
9183,-118.55,34.41,8.0,21086.0,3945.0,9936.0,3790.0,5.8602,265100.0,<1H OCEAN
9184,-118.55,34.38,24.0,6246.0,1028.0,2803.0,999.0,6.3002,282900.0,<1H OCEAN
9185,-118.56,34.41,4.0,17313.0,3224.0,6902.0,2707.0,5.6798,320900.0,<1H OCEAN
9186,-118.55,34.39,16.0,8726.0,1317.0,3789.0,1279.0,6.8419,323300.0,<1H OCEAN
9187,-118.61,34.38,2.0,5989.0,883.0,1787.0,613.0,6.6916,329500.0,INLAND
9188,-117.86,34.24,52.0,803.0,267.0,628.0,225.0,4.1932,14999.0,INLAND
9189,-118.12,34.23,52.0,433.0,69.0,147.0,53.0,3.9583,162500.0,INLAND
9190,-118.35,34.32,52.0,102.0,29.0,54.0,32.0,1.9875,191700.0,<1H OCEAN
9191,-118.38,34.3,39.0,1622.0,355.0,903.0,314.0,4.1125,183000.0,<1H OCEAN
9192,-118.29,34.36,34.0,503.0,99.0,275.0,68.0,4.5491,375000.0,INLAND
9193,-119.53,37.34,26.0,4047.0,702.0,571.0,199.0,2.3482,179500.0,INLAND
9194,-119.51,37.32,14.0,362.0,78.0,88.0,39.0,3.5893,214300.0,INLAND
9195,-119.56,37.29,14.0,2391.0,451.0,798.0,308.0,3.0924,114600.0,INLAND
9196,-119.45,37.21,17.0,3538.0,726.0,1603.0,629.0,2.9449,95600.0,INLAND
9197,-119.65,37.09,17.0,1280.0,254.0,707.0,267.0,3.55,106300.0,INLAND
9198,-119.59,37.39,19.0,3273.0,611.0,1164.0,481.0,3.5446,106500.0,INLAND
9199,-119.66,37.39,10.0,2106.0,410.0,1003.0,397.0,2.7813,124100.0,INLAND
9200,-119.68,37.35,13.0,2307.0,386.0,925.0,347.0,3.1326,119800.0,INLAND
9201,-119.72,37.38,16.0,2131.0,424.0,989.0,369.0,2.6071,103700.0,INLAND
9202,-119.65,37.32,11.0,2161.0,448.0,820.0,405.0,2.3565,122300.0,INLAND
9203,-119.64,37.31,15.0,2654.0,530.0,1267.0,489.0,2.8393,104400.0,INLAND
9204,-119.6,37.29,13.0,1722.0,325.0,712.0,269.0,2.625,137500.0,INLAND
9205,-119.62,37.33,7.0,3389.0,621.0,1268.0,474.0,3.0224,147800.0,INLAND
9206,-119.91,37.23,17.0,2171.0,389.0,1042.0,375.0,3.625,94400.0,INLAND
9207,-119.85,37.1,8.0,828.0,168.0,413.0,146.0,3.375,80700.0,INLAND
9208,-119.68,37.19,10.0,3113.0,589.0,1508.0,512.0,2.8167,96100.0,INLAND
9209,-119.77,37.19,8.0,5212.0,872.0,2383.0,857.0,4.1099,113600.0,INLAND
9210,-119.67,37.27,13.0,5087.0,981.0,2284.0,913.0,2.7413,123100.0,INLAND
9211,-120.31,37.11,38.0,1696.0,301.0,985.0,278.0,2.4054,112500.0,INLAND
9212,-120.35,37.04,37.0,1495.0,292.0,858.0,275.0,2.9306,46300.0,INLAND
9213,-120.25,37.04,21.0,1724.0,317.0,1006.0,290.0,3.2868,91700.0,INLAND
9214,-120.16,37.12,29.0,1995.0,392.0,1261.0,354.0,1.9073,79200.0,INLAND
9215,-120.27,37.11,18.0,1277.0,234.0,674.0,238.0,2.6694,75900.0,INLAND
9216,-120.25,37.11,20.0,2062.0,466.0,1285.0,456.0,1.5319,50500.0,INLAND
9217,-120.26,37.11,33.0,1097.0,254.0,627.0,253.0,1.2794,50700.0,INLAND
9218,-120.27,37.12,42.0,1142.0,236.0,597.0,210.0,1.7279,52300.0,INLAND
9219,-120.27,37.12,36.0,1219.0,258.0,639.0,245.0,1.9464,57000.0,INLAND
9220,-120.27,37.12,17.0,3328.0,628.0,1580.0,619.0,2.9861,81500.0,INLAND
9221,-120.26,37.13,33.0,1239.0,250.0,648.0,227.0,2.0278,58800.0,INLAND
9222,-120.43,36.99,16.0,1027.0,199.0,673.0,193.0,2.9688,63800.0,INLAND
9223,-120.29,36.88,34.0,1391.0,297.0,943.0,281.0,2.4219,83900.0,INLAND
9224,-120.06,36.95,24.0,646.0,134.0,454.0,149.0,2.125,61900.0,INLAND
9225,-120.06,36.94,19.0,901.0,183.0,700.0,190.0,2.2375,64300.0,INLAND
9226,-120.04,36.93,11.0,3606.0,699.0,2074.0,644.0,2.6941,63300.0,INLAND
9227,-120.05,36.95,18.0,2287.0,534.0,1339.0,505.0,2.2527,65200.0,INLAND
9228,-120.21,36.98,21.0,1667.0,303.0,861.0,276.0,2.6012,92200.0,INLAND
9229,-120.16,36.96,18.0,508.0,104.0,393.0,114.0,3.0,156300.0,INLAND
9230,-120.11,36.96,17.0,3344.0,570.0,1624.0,536.0,3.8952,95300.0,INLAND
9231,-120.08,37.06,18.0,402.0,76.0,213.0,71.0,1.9063,95800.0,INLAND
9232,-120.09,37.0,11.0,3761.0,675.0,2374.0,673.0,3.4598,74600.0,INLAND
9233,-120.06,37.02,13.0,6301.0,1080.0,3840.0,1033.0,3.5258,84900.0,INLAND
9234,-119.94,37.04,14.0,1636.0,253.0,766.0,225.0,3.125,88500.0,INLAND
9235,-120.09,37.02,9.0,1608.0,297.0,1057.0,295.0,3.7143,81600.0,INLAND
9236,-119.95,36.96,18.0,1996.0,379.0,1327.0,356.0,2.6087,96000.0,INLAND
9237,-120.02,36.95,25.0,2115.0,482.0,1976.0,474.0,1.8431,53900.0,INLAND
9238,-119.9,36.94,11.0,2513.0,408.0,1360.0,415.0,4.277,98500.0,INLAND
9239,-119.85,36.97,13.0,2872.0,477.0,1607.0,481.0,4.475,102400.0,INLAND
9240,-119.88,36.93,12.0,3174.0,520.0,1590.0,488.0,4.5347,101200.0,INLAND
9241,-119.87,36.93,13.0,1429.0,209.0,702.0,205.0,4.3625,111800.0,INLAND
9242,-120.07,36.98,12.0,1790.0,379.0,1399.0,397.0,2.5388,59600.0,INLAND
9243,-120.06,36.98,12.0,2710.0,575.0,1724.0,516.0,1.4712,60400.0,INLAND
9244,-120.05,36.98,16.0,3705.0,739.0,2463.0,697.0,2.5288,61800.0,INLAND
9245,-120.05,36.97,20.0,2029.0,427.0,983.0,401.0,1.8444,47100.0,INLAND
9246,-120.06,36.97,38.0,1542.0,364.0,1220.0,334.0,1.625,52800.0,INLAND
9247,-120.07,36.97,28.0,1563.0,403.0,1564.0,408.0,1.5662,48000.0,INLAND
9248,-120.07,36.96,34.0,1457.0,239.0,557.0,226.0,3.6181,96500.0,INLAND
9249,-120.08,36.97,13.0,3356.0,589.0,1458.0,601.0,3.8257,94200.0,INLAND
9250,-120.1,36.96,20.0,2100.0,317.0,910.0,274.0,4.8187,90900.0,INLAND
9251,-120.09,36.95,16.0,3222.0,511.0,1425.0,503.0,4.1544,119400.0,INLAND
9252,-120.08,36.96,36.0,2074.0,349.0,954.0,363.0,3.1136,73800.0,INLAND
9253,-120.08,36.95,41.0,1164.0,211.0,476.0,171.0,2.4196,70700.0,INLAND
9254,-120.07,36.97,27.0,968.0,240.0,587.0,231.0,1.6071,55000.0,INLAND
9255,-120.06,36.97,35.0,1859.0,428.0,1208.0,399.0,1.4044,61700.0,INLAND
9256,-120.05,36.96,37.0,1000.0,261.0,1092.0,233.0,1.4267,52300.0,INLAND
9257,-120.05,36.95,31.0,696.0,254.0,913.0,248.0,1.4,52500.0,INLAND
9258,-120.06,36.96,44.0,1288.0,295.0,723.0,287.0,1.6534,61400.0,INLAND
9259,-120.07,36.96,42.0,963.0,216.0,471.0,211.0,2.2898,66100.0,INLAND
9260,-120.07,36.96,32.0,1268.0,283.0,549.0,273.0,1.4511,65200.0,INLAND
9261,-120.04,36.97,20.0,2129.0,526.0,1845.0,522.0,1.8973,51600.0,INLAND
9262,-120.04,36.96,23.0,2126.0,506.0,2091.0,491.0,1.3713,51800.0,INLAND
9263,-120.04,36.95,36.0,1528.0,347.0,1334.0,304.0,1.3594,48300.0,INLAND
9264,-119.98,36.9,26.0,1284.0,239.0,820.0,254.0,2.5833,62300.0,INLAND
9265,-119.81,36.92,14.0,4795.0,710.0,2047.0,640.0,4.665,121300.0,INLAND
9266,-119.98,36.86,31.0,2366.0,482.0,1933.0,433.0,3.0234,65000.0,INLAND
9267,-120.13,36.87,32.0,2089.0,468.0,1765.0,427.0,2.234,61700.0,INLAND
9268,-122.49,38.1,43.0,1226.0,244.0,491.0,205.0,4.9286,307000.0,NEAR BAY
9269,-122.54,38.14,16.0,4431.0,603.0,1659.0,630.0,7.5412,392100.0,NEAR BAY
9270,-122.55,38.1,26.0,5188.0,892.0,2341.0,906.0,5.0029,255600.0,NEAR BAY
9271,-122.62,38.15,14.0,2259.0,341.0,1127.0,346.0,6.4092,334900.0,<1H OCEAN
9272,-122.59,38.13,20.0,1589.0,231.0,601.0,224.0,5.3755,290900.0,<1H OCEAN
9273,-122.58,38.15,9.0,1302.0,177.0,682.0,190.0,7.5,423200.0,<1H OCEAN
9274,-122.57,38.11,24.0,2863.0,734.0,1583.0,682.0,3.1981,215300.0,NEAR BAY
9275,-122.57,38.11,32.0,3521.0,748.0,1706.0,723.0,3.4705,228600.0,NEAR BAY
9276,-122.59,38.12,25.0,7784.0,1145.0,3445.0,1166.0,6.0132,287900.0,<1H OCEAN
9277,-122.58,38.12,13.0,5027.0,871.0,1912.0,770.0,4.9286,309500.0,NEAR BAY
9278,-122.6,38.11,19.0,1752.0,328.0,873.0,336.0,3.8068,201600.0,<1H OCEAN
9279,-122.6,38.11,23.0,8642.0,1294.0,3594.0,1253.0,5.3962,301500.0,<1H OCEAN
9280,-122.65,38.11,21.0,3891.0,616.0,1968.0,632.0,5.5524,279200.0,<1H OCEAN
9281,-122.61,38.09,18.0,6205.0,821.0,2311.0,756.0,6.9081,368700.0,<1H OCEAN
9282,-122.58,38.1,22.0,11872.0,2300.0,5600.0,2200.0,4.6463,276300.0,NEAR BAY
9283,-122.58,38.08,27.0,10839.0,1637.0,4406.0,1623.0,5.615,285600.0,NEAR BAY
9284,-122.55,38.07,5.0,1495.0,235.0,555.0,201.0,6.7232,345000.0,NEAR BAY
9285,-122.56,38.09,17.0,9614.0,2123.0,4684.0,2060.0,4.1705,209800.0,NEAR BAY
9286,-122.56,38.06,19.0,15622.0,2721.0,6109.0,2615.0,5.0965,295300.0,NEAR BAY
9287,-122.55,38.07,38.0,3392.0,709.0,1894.0,713.0,3.0573,350800.0,NEAR BAY
9288,-122.41,38.07,20.0,4536.0,708.0,1812.0,701.0,6.0433,435900.0,NEAR BAY
9289,-122.51,38.06,24.0,9493.0,1935.0,5162.0,1880.0,3.0742,118800.0,NEAR BAY
9290,-122.53,38.01,16.0,1495.0,292.0,472.0,284.0,3.4432,67500.0,NEAR BAY
9291,-122.44,38.03,13.0,4284.0,1042.0,2146.0,937.0,4.1289,179200.0,NEAR BAY
9292,-122.45,38.01,36.0,4501.0,832.0,2196.0,800.0,4.3182,252700.0,NEAR BAY
9293,-122.53,38.01,27.0,3121.0,531.0,1318.0,489.0,5.4781,310900.0,NEAR BAY
9294,-122.51,38.0,17.0,2449.0,536.0,1157.0,543.0,3.9519,274200.0,NEAR BAY
9295,-122.49,38.0,26.0,48.0,8.0,19.0,8.0,7.7197,400000.0,NEAR BAY
9296,-122.55,38.03,29.0,7174.0,1169.0,3063.0,1172.0,6.0902,293200.0,NEAR BAY
9297,-122.57,38.03,24.0,2330.0,322.0,911.0,320.0,6.5253,387700.0,NEAR BAY
9298,-122.56,38.03,34.0,1887.0,290.0,815.0,283.0,6.5249,324800.0,NEAR BAY
9299,-122.59,38.04,25.0,3412.0,455.0,1238.0,406.0,8.3646,397300.0,NEAR BAY
9300,-122.57,38.02,33.0,9531.0,1487.0,3798.0,1409.0,5.6512,314000.0,NEAR BAY
9301,-122.56,38.01,21.0,2144.0,400.0,840.0,398.0,4.6,239500.0,NEAR BAY
9302,-122.55,38.02,27.0,4985.0,711.0,1928.0,742.0,6.4978,361500.0,NEAR BAY
9303,-122.55,38.01,27.0,3966.0,577.0,1657.0,611.0,6.3314,342200.0,NEAR BAY
9304,-122.54,38.0,28.0,3416.0,826.0,1694.0,800.0,3.18,277000.0,NEAR BAY
9305,-122.55,38.0,18.0,3119.0,803.0,1395.0,722.0,3.9265,301100.0,NEAR BAY
9306,-122.54,37.99,32.0,2236.0,348.0,818.0,330.0,7.3521,444000.0,NEAR BAY
9307,-122.52,37.98,31.0,6555.0,1571.0,2962.0,1464.0,2.8903,324200.0,NEAR BAY
9308,-122.54,37.98,52.0,1758.0,316.0,607.0,264.0,5.5083,371900.0,NEAR BAY
9309,-122.55,37.99,34.0,3306.0,555.0,1398.0,585.0,4.8993,319900.0,NEAR BAY
9310,-122.53,37.98,32.0,2390.0,336.0,810.0,354.0,8.5759,500001.0,NEAR BAY
9311,-122.55,37.98,31.0,3807.0,828.0,1581.0,795.0,3.293,337500.0,NEAR BAY
9312,-122.51,37.99,32.0,4138.0,632.0,1541.0,626.0,5.5791,433300.0,NEAR BAY
9313,-122.51,37.98,37.0,4801.0,699.0,1830.0,679.0,6.0762,487800.0,NEAR BAY
9314,-122.51,37.97,37.0,4296.0,1089.0,2100.0,1025.0,3.2462,329400.0,NEAR BAY
9315,-122.47,37.99,22.0,7274.0,1002.0,2468.0,957.0,7.494,439200.0,NEAR BAY
9316,-122.46,37.98,10.0,1325.0,189.0,427.0,162.0,12.0933,500001.0,NEAR BAY
9317,-122.49,37.99,27.0,5470.0,755.0,1916.0,764.0,6.994,420800.0,NEAR BAY
9318,-122.49,37.98,34.0,1256.0,178.0,460.0,174.0,6.4271,451700.0,NEAR BAY
9319,-122.53,37.97,52.0,205.0,119.0,228.0,132.0,1.9063,200000.0,NEAR BAY
9320,-122.53,37.97,52.0,1560.0,451.0,700.0,419.0,2.5125,270800.0,NEAR BAY
9321,-122.53,37.97,44.0,3595.0,953.0,1831.0,910.0,2.6036,287500.0,NEAR BAY
9322,-122.54,37.97,39.0,4193.0,762.0,1833.0,737.0,5.6263,352100.0,NEAR BAY
9323,-122.52,37.97,33.0,563.0,194.0,265.0,169.0,2.75,231300.0,NEAR BAY
9324,-122.51,37.96,39.0,3302.0,684.0,1574.0,653.0,3.6863,263800.0,NEAR BAY
9325,-122.52,37.96,35.0,2012.0,346.0,818.0,352.0,5.2818,331000.0,NEAR BAY
9326,-122.53,37.97,37.0,1340.0,322.0,621.0,314.0,3.5588,268800.0,NEAR BAY
9327,-122.52,37.95,37.0,350.0,57.0,179.0,69.0,6.2862,500001.0,NEAR BAY
9328,-122.53,37.96,35.0,908.0,194.0,413.0,197.0,3.9917,290800.0,NEAR BAY
9329,-122.47,37.95,16.0,3769.0,839.0,1986.0,815.0,3.9712,187500.0,NEAR BAY
9330,-122.5,37.96,16.0,100.0,20.0,45.0,25.0,6.1359,212500.0,NEAR BAY
9331,-122.5,37.97,25.0,6526.0,1902.0,5917.0,1812.0,2.7273,187500.0,NEAR BAY
9332,-122.64,38.01,36.0,1336.0,258.0,678.0,249.0,5.5789,292000.0,NEAR OCEAN
9333,-122.64,38.01,36.0,1199.0,232.0,551.0,229.0,3.7321,266700.0,NEAR OCEAN
9334,-122.68,38.01,41.0,1865.0,392.0,825.0,369.0,4.2011,255400.0,NEAR OCEAN
9335,-122.7,38.03,42.0,1410.0,308.0,624.0,292.0,4.1379,309100.0,NEAR OCEAN
9336,-122.65,38.01,40.0,1428.0,280.0,708.0,255.0,5.0766,305400.0,NEAR OCEAN
9337,-122.59,37.97,46.0,4036.0,856.0,1872.0,833.0,4.5625,275200.0,NEAR OCEAN
9338,-122.61,37.99,40.0,7737.0,1488.0,3108.0,1349.0,4.4375,289600.0,NEAR OCEAN
9339,-122.62,37.97,52.0,370.0,62.0,150.0,56.0,7.7006,316700.0,NEAR OCEAN
9340,-122.59,37.99,36.0,4869.0,871.0,1899.0,827.0,4.1659,302000.0,NEAR BAY
9341,-122.6,38.0,21.0,2198.0,462.0,1100.0,449.0,4.1098,246600.0,<1H OCEAN
9342,-122.59,38.01,35.0,8814.0,1307.0,3450.0,1258.0,6.1724,414300.0,NEAR BAY
9343,-122.57,37.99,45.0,2404.0,425.0,926.0,400.0,4.9674,320100.0,NEAR BAY
9344,-122.57,37.99,38.0,5587.0,996.0,2466.0,1027.0,4.1711,336900.0,NEAR BAY
9345,-122.57,37.98,49.0,2860.0,552.0,1178.0,522.0,4.625,355000.0,NEAR BAY
9346,-122.58,37.98,52.0,3675.0,649.0,1553.0,639.0,4.6905,316300.0,NEAR BAY
9347,-122.58,37.98,52.0,1180.0,216.0,467.0,197.0,4.9615,292200.0,NEAR BAY
9348,-122.56,37.98,36.0,2649.0,542.0,1111.0,557.0,4.8056,345700.0,NEAR BAY
9349,-122.56,37.97,52.0,1833.0,324.0,735.0,306.0,4.6944,398900.0,NEAR BAY
9350,-122.57,37.97,47.0,5416.0,1115.0,2177.0,1027.0,3.5055,382100.0,NEAR BAY
9351,-122.55,37.97,52.0,2232.0,291.0,731.0,253.0,7.1155,500001.0,NEAR BAY
9352,-122.57,37.96,52.0,3458.0,468.0,1449.0,471.0,9.1834,500001.0,NEAR BAY
9353,-122.56,37.95,34.0,2677.0,411.0,933.0,410.0,6.1444,500001.0,NEAR OCEAN
9354,-122.56,37.94,36.0,2023.0,242.0,653.0,241.0,10.6272,500001.0,NEAR BAY
9355,-122.64,37.96,29.0,377.0,58.0,151.0,67.0,9.5551,500001.0,NEAR OCEAN
9356,-122.54,37.96,44.0,1552.0,204.0,596.0,208.0,10.129,500001.0,NEAR BAY
9357,-122.54,37.96,33.0,2534.0,495.0,996.0,449.0,4.3083,500001.0,NEAR BAY
9358,-122.54,37.95,38.0,2310.0,400.0,971.0,386.0,5.697,435700.0,NEAR BAY
9359,-122.52,37.95,33.0,4448.0,631.0,1675.0,628.0,7.8904,468800.0,NEAR BAY
9360,-122.53,37.95,22.0,7446.0,1979.0,2980.0,1888.0,3.5838,271300.0,NEAR BAY
9361,-122.53,37.96,36.0,4385.0,620.0,1549.0,626.0,8.3935,470500.0,NEAR BAY
9362,-122.53,37.93,42.0,2171.0,362.0,887.0,347.0,6.6125,393200.0,NEAR BAY
9363,-122.54,37.93,43.0,2998.0,470.0,970.0,430.0,5.5385,431800.0,NEAR BAY
9364,-122.54,37.94,39.0,3670.0,775.0,1519.0,788.0,4.4081,435200.0,NEAR BAY
9365,-122.54,37.94,26.0,3990.0,804.0,1550.0,792.0,5.1834,405500.0,NEAR BAY
9366,-122.52,37.94,18.0,1804.0,284.0,600.0,241.0,5.9582,500001.0,NEAR BAY
9367,-122.53,37.94,18.0,878.0,255.0,384.0,247.0,4.7344,200000.0,NEAR BAY
9368,-122.52,37.93,34.0,2782.0,502.0,1219.0,507.0,5.0779,333900.0,NEAR BAY
9369,-122.51,37.92,32.0,2622.0,541.0,1022.0,464.0,3.7647,375000.0,NEAR BAY
9370,-122.52,37.92,24.0,421.0,64.0,163.0,75.0,14.5833,500001.0,NEAR BAY
9371,-122.53,37.92,42.0,1741.0,301.0,723.0,306.0,5.5379,410500.0,NEAR BAY
9372,-122.53,37.93,37.0,1722.0,352.0,648.0,337.0,4.125,310300.0,NEAR BAY
9373,-122.53,37.92,45.0,1530.0,324.0,608.0,328.0,3.875,390800.0,NEAR BAY
9374,-122.52,37.92,47.0,793.0,163.0,334.0,151.0,5.8509,317800.0,NEAR BAY
9375,-122.5,37.92,32.0,2639.0,415.0,1013.0,408.0,6.1632,349200.0,NEAR BAY
9376,-122.5,37.92,30.0,2270.0,359.0,974.0,351.0,5.5926,300900.0,NEAR BAY
9377,-122.49,37.92,26.0,2170.0,347.0,849.0,318.0,6.2953,386200.0,NEAR BAY
9378,-122.51,37.91,2.0,647.0,136.0,203.0,118.0,6.641,310000.0,NEAR BAY
9379,-122.48,37.93,16.0,2947.0,802.0,1385.0,743.0,3.6731,318000.0,NEAR BAY
9380,-122.46,37.88,35.0,2492.0,409.0,812.0,373.0,8.8386,500001.0,NEAR BAY
9381,-122.47,37.87,36.0,4471.0,618.0,1315.0,582.0,11.5706,500001.0,NEAR BAY
9382,-122.45,37.91,27.0,2682.0,382.0,935.0,369.0,10.0791,500001.0,NEAR BAY
9383,-122.5,37.91,31.0,7001.0,1282.0,2755.0,1267.0,5.4851,441100.0,NEAR BAY
9384,-122.49,37.89,23.0,1650.0,403.0,541.0,336.0,6.0238,500001.0,NEAR BAY
9385,-122.47,37.89,23.0,10774.0,1736.0,3895.0,1683.0,7.2905,500001.0,NEAR BAY
9386,-122.45,37.9,30.0,3763.0,717.0,1292.0,632.0,8.4888,500001.0,NEAR BAY
9387,-122.5,37.88,28.0,5448.0,1089.0,2100.0,1023.0,4.7475,474600.0,NEAR BAY
9388,-122.51,37.89,27.0,2674.0,565.0,1233.0,547.0,3.4485,458300.0,NEAR BAY
9389,-122.53,37.91,37.0,2524.0,398.0,999.0,417.0,7.9892,500001.0,NEAR BAY
9390,-122.53,37.9,44.0,2846.0,551.0,1232.0,537.0,3.8839,327200.0,NEAR BAY
9391,-122.54,37.9,48.0,2491.0,460.0,937.0,455.0,4.4375,370000.0,NEAR BAY
9392,-122.54,37.91,48.0,2924.0,489.0,1159.0,505.0,5.6302,489000.0,NEAR BAY
9393,-122.55,37.92,52.0,2303.0,350.0,859.0,359.0,6.1085,500001.0,NEAR BAY
9394,-122.52,37.91,30.0,4174.0,739.0,1818.0,705.0,5.5951,402900.0,NEAR BAY
9395,-122.52,37.89,17.0,4363.0,1041.0,1640.0,989.0,3.9531,417600.0,NEAR BAY
9396,-122.52,37.9,16.0,1704.0,402.0,689.0,348.0,4.4239,267100.0,NEAR BAY
9397,-122.54,37.9,41.0,3170.0,622.0,1091.0,528.0,3.7813,389200.0,NEAR BAY
9398,-122.55,37.9,34.0,1431.0,224.0,503.0,220.0,7.9606,453400.0,NEAR BAY
9399,-122.56,37.9,48.0,1550.0,253.0,641.0,276.0,8.634,463500.0,NEAR BAY
9400,-122.56,37.91,52.0,1972.0,327.0,755.0,345.0,7.1924,500001.0,NEAR BAY
9401,-122.56,37.92,37.0,1926.0,290.0,721.0,298.0,8.9248,500001.0,NEAR BAY
9402,-122.55,37.91,48.0,1283.0,278.0,567.0,255.0,3.2794,460000.0,NEAR BAY
9403,-122.53,37.88,25.0,4921.0,866.0,1913.0,834.0,6.8742,413100.0,NEAR BAY
9404,-122.54,37.88,30.0,4382.0,732.0,1775.0,745.0,6.7809,414400.0,NEAR BAY
9405,-122.53,37.87,20.0,1814.0,282.0,658.0,253.0,7.9977,400000.0,NEAR BAY
9406,-122.53,37.88,36.0,2688.0,485.0,1064.0,449.0,4.4583,308600.0,NEAR BAY
9407,-122.56,37.9,36.0,1760.0,283.0,562.0,246.0,6.7546,402400.0,NEAR BAY
9408,-122.54,37.89,33.0,4971.0,836.0,1907.0,795.0,6.1275,424400.0,NEAR BAY
9409,-122.53,37.89,35.0,4127.0,689.0,1596.0,707.0,5.9073,400400.0,NEAR BAY
9410,-122.56,37.9,24.0,221.0,41.0,75.0,38.0,5.1292,362500.0,NEAR BAY
9411,-122.51,37.87,21.0,3904.0,980.0,1949.0,919.0,2.862,258400.0,NEAR BAY
9412,-122.47,37.85,19.0,1926.0,593.0,881.0,546.0,2.9145,140400.0,NEAR BAY
9413,-122.5,37.87,17.0,4333.0,947.0,1650.0,919.0,6.3066,346100.0,NEAR BAY
9414,-122.49,37.86,35.0,2729.0,538.0,969.0,528.0,6.7669,500001.0,NEAR BAY
9415,-122.49,37.86,52.0,2175.0,510.0,809.0,503.0,4.5398,442000.0,NEAR BAY
9416,-122.48,37.86,52.0,3914.0,752.0,1177.0,670.0,6.2113,500001.0,NEAR BAY
9417,-122.48,37.85,42.0,6297.0,1307.0,2096.0,1205.0,6.4752,500001.0,NEAR BAY
9418,-122.49,37.85,38.0,240.0,29.0,63.0,34.0,12.2547,500001.0,NEAR BAY
9419,-122.52,37.88,52.0,176.0,50.0,88.0,46.0,3.8068,275000.0,NEAR BAY
9420,-122.62,37.85,30.0,833.0,164.0,358.0,143.0,6.8198,493800.0,NEAR OCEAN
9421,-122.53,37.86,38.0,1183.0,196.0,628.0,205.0,3.75,478600.0,NEAR BAY
9422,-122.66,37.93,42.0,1505.0,324.0,553.0,277.0,4.1792,350000.0,NEAR OCEAN
9423,-122.71,37.88,21.0,2845.0,552.0,599.0,250.0,4.3125,495800.0,NEAR OCEAN
9424,-122.69,37.91,43.0,1730.0,326.0,629.0,279.0,4.3194,238700.0,NEAR OCEAN
9425,-122.71,37.9,23.0,1250.0,257.0,437.0,188.0,3.115,242600.0,NEAR OCEAN
9426,-122.86,38.1,44.0,2602.0,509.0,691.0,343.0,4.3125,261500.0,NEAR OCEAN
9427,-122.84,38.07,31.0,1858.0,367.0,701.0,297.0,3.8269,270700.0,NEAR OCEAN
9428,-122.93,38.02,28.0,1284.0,265.0,628.0,219.0,3.5469,200000.0,NEAR OCEAN
9429,-122.68,38.07,26.0,1445.0,244.0,510.0,207.0,5.6305,430000.0,NEAR OCEAN
9430,-122.9,38.28,52.0,1275.0,218.0,627.0,185.0,2.3482,163500.0,NEAR OCEAN
9431,-122.96,38.26,20.0,1982.0,358.0,308.0,132.0,3.1429,240900.0,NEAR OCEAN
9432,-122.81,38.08,19.0,1615.0,366.0,815.0,337.0,3.4609,238800.0,NEAR OCEAN
9433,-122.8,38.18,36.0,2378.0,476.0,957.0,362.0,3.625,253100.0,NEAR OCEAN
9434,-120.19,37.53,25.0,1470.0,341.0,706.0,283.0,1.7614,71300.0,INLAND
9435,-120.02,37.57,17.0,2116.0,425.0,909.0,319.0,2.7188,113100.0,INLAND
9436,-119.99,37.51,14.0,2878.0,617.0,1011.0,509.0,1.398,103800.0,INLAND
9437,-119.95,37.47,32.0,1312.0,315.0,600.0,265.0,1.5,91500.0,INLAND
9438,-119.98,37.43,12.0,2776.0,592.0,1236.0,489.0,2.5551,105000.0,INLAND
9439,-120.07,37.34,16.0,1667.0,372.0,762.0,283.0,1.75,87500.0,INLAND
9440,-120.31,37.64,11.0,2403.0,497.0,890.0,344.0,3.0,120800.0,INLAND
9441,-120.15,37.69,13.0,866.0,252.0,369.0,165.0,2.875,70200.0,INLAND
9442,-120.02,37.72,17.0,2806.0,600.0,990.0,410.0,2.3818,88100.0,INLAND
9443,-119.81,37.67,24.0,172.0,42.0,79.0,30.0,3.8333,93800.0,INLAND
9444,-119.82,37.57,13.0,1713.0,340.0,643.0,241.0,2.662,92400.0,INLAND
9445,-119.9,37.49,13.0,2230.0,443.0,920.0,361.0,3.0,112000.0,INLAND
9446,-119.84,37.48,17.0,2582.0,553.0,1087.0,423.0,2.5,104200.0,INLAND
9447,-119.8,37.5,15.0,989.0,184.0,406.0,151.0,3.1771,121900.0,INLAND
9448,-119.72,37.46,13.0,1999.0,375.0,750.0,308.0,2.875,96000.0,INLAND
9449,-119.85,37.39,14.0,2744.0,555.0,1153.0,474.0,2.753,111100.0,INLAND
9450,-119.55,37.75,30.0,2165.0,536.0,1500.0,414.0,3.5391,55900.0,INLAND
9451,-119.64,37.61,30.0,2857.0,661.0,291.0,135.0,2.6838,164600.0,INLAND
9452,-123.15,39.74,23.0,608.0,143.0,281.0,108.0,2.9306,70000.0,INLAND
9453,-123.24,39.81,25.0,1435.0,304.0,746.0,259.0,1.7788,57900.0,INLAND
9454,-123.23,39.77,25.0,2075.0,435.0,991.0,377.0,1.2281,60300.0,INLAND
9455,-123.47,39.8,18.0,2130.0,545.0,863.0,346.0,2.3571,79200.0,INLAND
9456,-123.71,39.88,42.0,1518.0,383.0,656.0,303.0,1.4952,69800.0,NEAR OCEAN
9457,-123.84,39.83,19.0,1461.0,340.0,515.0,227.0,1.5278,145800.0,NEAR OCEAN
9458,-123.58,39.66,15.0,1839.0,489.0,887.0,332.0,2.2429,100000.0,<1H OCEAN
9459,-123.5,39.67,22.0,2124.0,450.0,1122.0,446.0,2.1793,71500.0,INLAND
9460,-123.64,39.45,21.0,3359.0,677.0,1908.0,642.0,3.0433,140700.0,<1H OCEAN
9461,-123.79,39.5,24.0,1421.0,291.0,588.0,274.0,2.325,157300.0,<1H OCEAN
9462,-123.8,39.47,28.0,2492.0,507.0,1202.0,460.0,2.7857,150300.0,<1H OCEAN
9463,-123.73,39.44,32.0,790.0,151.0,380.0,142.0,2.7,165000.0,<1H OCEAN
9464,-123.84,39.46,47.0,1150.0,244.0,552.0,201.0,2.5192,110400.0,<1H OCEAN
9465,-123.8,39.46,35.0,1718.0,345.0,698.0,299.0,2.9243,131600.0,<1H OCEAN
9466,-123.8,39.44,52.0,1533.0,336.0,754.0,340.0,1.9213,95000.0,<1H OCEAN
9467,-123.79,39.44,49.0,2290.0,482.0,1201.0,479.0,3.5,113300.0,<1H OCEAN
9468,-123.8,39.44,33.0,2024.0,459.0,1019.0,422.0,1.9208,93600.0,<1H OCEAN
9469,-123.79,39.44,36.0,1330.0,273.0,761.0,286.0,2.7813,105800.0,<1H OCEAN
9470,-123.79,39.44,16.0,2017.0,423.0,1177.0,414.0,3.2171,116200.0,<1H OCEAN
9471,-123.85,39.42,11.0,1804.0,506.0,895.0,451.0,1.7574,150000.0,<1H OCEAN
9472,-123.34,39.5,15.0,2342.0,535.0,1064.0,433.0,1.8967,96600.0,INLAND
9473,-123.4,39.46,10.0,4086.0,831.0,2111.0,758.0,3.2156,104400.0,<1H OCEAN
9474,-123.32,39.42,22.0,2085.0,432.0,1133.0,402.0,2.3906,92600.0,<1H OCEAN
9475,-123.38,39.37,18.0,3946.0,813.0,1899.0,730.0,2.6424,124600.0,<1H OCEAN
9476,-123.35,39.42,18.0,1619.0,346.0,904.0,295.0,2.1625,77200.0,<1H OCEAN
9477,-123.37,39.43,32.0,2780.0,470.0,1281.0,479.0,3.588,96000.0,<1H OCEAN
9478,-123.36,39.41,46.0,1748.0,362.0,808.0,330.0,2.9183,76900.0,<1H OCEAN
9479,-123.35,39.4,27.0,1321.0,338.0,779.0,327.0,1.85,71800.0,<1H OCEAN
9480,-123.36,39.4,21.0,1081.0,254.0,715.0,275.0,1.5625,71500.0,<1H OCEAN
9481,-123.34,39.39,18.0,2821.0,628.0,1636.0,615.0,2.3333,84000.0,<1H OCEAN
9482,-123.1,39.36,19.0,1056.0,248.0,611.0,226.0,1.746,105000.0,INLAND
9483,-123.23,39.33,20.0,804.0,121.0,448.0,140.0,3.9632,147100.0,<1H OCEAN
9484,-123.15,39.31,19.0,1026.0,205.0,424.0,152.0,2.8833,154200.0,INLAND
9485,-123.11,39.32,20.0,2745.0,504.0,1421.0,430.0,3.3431,137500.0,INLAND
9486,-123.18,39.26,25.0,3066.0,570.0,1558.0,535.0,3.788,134200.0,<1H OCEAN
9487,-123.22,39.28,16.0,5569.0,1106.0,3148.0,1088.0,3.1455,142900.0,<1H OCEAN
9488,-123.36,39.25,17.0,1087.0,254.0,522.0,202.0,2.5875,144500.0,<1H OCEAN
9489,-123.18,39.23,18.0,243.0,55.0,115.0,54.0,2.125,175000.0,<1H OCEAN
9490,-123.21,39.2,17.0,3145.0,693.0,1560.0,647.0,2.2926,149300.0,<1H OCEAN
9491,-123.19,39.21,22.0,1542.0,291.0,821.0,285.0,3.5917,118800.0,<1H OCEAN
9492,-123.2,39.23,26.0,786.0,168.0,494.0,161.0,2.3583,105400.0,<1H OCEAN
9493,-123.75,39.37,16.0,1377.0,296.0,830.0,279.0,3.25,151400.0,<1H OCEAN
9494,-123.85,39.39,23.0,4671.0,912.0,2095.0,857.0,3.184,140500.0,<1H OCEAN
9495,-123.81,39.34,17.0,1981.0,371.0,773.0,325.0,3.1563,277000.0,<1H OCEAN
9496,-123.7,39.32,18.0,1652.0,352.0,711.0,292.0,3.1071,213200.0,<1H OCEAN
9497,-123.81,39.31,23.0,2754.0,577.0,887.0,432.0,3.3654,225000.0,NEAR OCEAN
9498,-123.73,39.17,20.0,4620.0,1042.0,1745.0,794.0,2.375,158800.0,NEAR OCEAN
9499,-123.53,38.93,38.0,1706.0,355.0,506.0,211.0,2.5625,165600.0,NEAR OCEAN
9500,-123.69,38.9,17.0,2206.0,478.0,1140.0,428.0,2.1985,95300.0,NEAR OCEAN
9501,-123.59,38.8,17.0,5202.0,1037.0,1742.0,803.0,3.1201,176100.0,NEAR OCEAN
9502,-123.54,39.17,18.0,2251.0,510.0,1032.0,369.0,2.2946,101000.0,<1H OCEAN
9503,-123.39,38.99,28.0,1416.0,294.0,812.0,258.0,3.4063,109400.0,<1H OCEAN
9504,-123.36,39.01,35.0,1551.0,321.0,857.0,288.0,2.7232,115400.0,<1H OCEAN
9505,-123.21,39.18,17.0,2772.0,576.0,1501.0,584.0,2.6275,142100.0,<1H OCEAN
9506,-123.34,39.1,24.0,5372.0,1051.0,3002.0,992.0,3.0652,131100.0,<1H OCEAN
9507,-123.21,39.07,17.0,1890.0,342.0,877.0,312.0,3.7833,159800.0,<1H OCEAN
9508,-123.22,39.15,45.0,1348.0,265.0,639.0,270.0,3.3667,115200.0,<1H OCEAN
9509,-123.22,39.16,32.0,1149.0,187.0,499.0,208.0,3.6587,154600.0,<1H OCEAN
9510,-123.23,39.13,33.0,1176.0,211.0,529.0,217.0,3.8958,144000.0,<1H OCEAN
9511,-123.22,39.15,36.0,1166.0,216.0,504.0,203.0,3.5938,122100.0,<1H OCEAN
9512,-123.21,39.15,52.0,1370.0,258.0,617.0,228.0,2.55,112900.0,<1H OCEAN
9513,-123.21,39.14,39.0,1419.0,262.0,661.0,278.0,3.0,114600.0,<1H OCEAN
9514,-123.21,39.13,27.0,1531.0,266.0,822.0,234.0,4.0469,127400.0,<1H OCEAN
9515,-123.2,39.16,14.0,1908.0,484.0,1195.0,467.0,1.7929,82300.0,<1H OCEAN
9516,-123.22,39.16,29.0,6121.0,1222.0,3595.0,1189.0,2.631,109600.0,<1H OCEAN
9517,-123.2,39.15,27.0,990.0,238.0,592.0,225.0,2.0074,96200.0,<1H OCEAN
9518,-123.19,39.15,16.0,2577.0,495.0,1232.0,488.0,2.6012,125600.0,<1H OCEAN
9519,-123.21,39.15,31.0,2685.0,675.0,1367.0,626.0,1.6571,108900.0,<1H OCEAN
9520,-123.2,39.14,17.0,1620.0,396.0,878.0,399.0,1.8042,109200.0,<1H OCEAN
9521,-123.2,39.13,26.0,1474.0,417.0,1065.0,401.0,1.375,84400.0,<1H OCEAN
9522,-123.21,39.14,15.0,2235.0,545.0,1376.0,516.0,1.9032,100000.0,<1H OCEAN
9523,-123.1,39.15,32.0,1143.0,208.0,454.0,188.0,3.8333,116100.0,<1H OCEAN
9524,-123.17,39.18,14.0,2240.0,327.0,1030.0,308.0,5.9585,214900.0,<1H OCEAN
9525,-123.17,39.15,30.0,1904.0,331.0,816.0,325.0,4.425,161900.0,<1H OCEAN
9526,-123.16,39.13,33.0,1320.0,303.0,1048.0,303.0,1.7813,94700.0,<1H OCEAN
9527,-123.16,39.1,31.0,418.0,82.0,327.0,81.0,2.775,120800.0,<1H OCEAN
9528,-123.19,39.12,38.0,267.0,57.0,196.0,60.0,2.3125,70000.0,<1H OCEAN
9529,-123.15,38.94,22.0,2163.0,436.0,1048.0,358.0,2.7171,95800.0,<1H OCEAN
9530,-123.1,38.97,36.0,1211.0,247.0,697.0,251.0,2.5761,94900.0,<1H OCEAN
9531,-120.46,37.51,22.0,2704.0,497.0,1432.0,399.0,2.9,83100.0,INLAND
9532,-120.68,37.47,33.0,1028.0,226.0,658.0,197.0,2.3043,66300.0,INLAND
9533,-120.75,37.44,27.0,2295.0,424.0,1252.0,350.0,3.6182,123200.0,INLAND
9534,-120.76,37.44,18.0,2003.0,398.0,1333.0,411.0,2.7562,90500.0,INLAND
9535,-120.77,37.42,27.0,949.0,224.0,888.0,241.0,2.3333,72800.0,INLAND
9536,-120.79,37.43,17.0,2534.0,517.0,1764.0,502.0,2.8519,80700.0,INLAND
9537,-120.79,37.41,35.0,2436.0,466.0,1730.0,469.0,2.2071,85900.0,INLAND
9538,-120.71,37.39,11.0,1479.0,341.0,1476.0,327.0,3.2721,73800.0,INLAND
9539,-120.71,37.39,40.0,680.0,160.0,785.0,175.0,2.6058,72700.0,INLAND
9540,-120.69,37.4,46.0,860.0,130.0,496.0,147.0,3.5167,137500.0,INLAND
9541,-120.74,37.33,30.0,2390.0,470.0,1409.0,428.0,2.1484,81300.0,INLAND
9542,-120.75,37.37,32.0,1656.0,317.0,1037.0,286.0,2.4964,88800.0,INLAND
9543,-120.73,37.38,37.0,653.0,176.0,827.0,176.0,1.9236,64400.0,INLAND
9544,-120.72,37.38,22.0,1311.0,319.0,1455.0,340.0,2.2813,67300.0,INLAND
9545,-120.73,37.38,23.0,1451.0,292.0,1052.0,265.0,2.8698,72900.0,INLAND
9546,-120.71,37.38,14.0,1979.0,432.0,1756.0,382.0,2.6923,71400.0,INLAND
9547,-120.84,37.4,7.0,2773.0,530.0,1374.0,505.0,2.6214,103800.0,INLAND
9548,-120.86,37.4,17.0,3511.0,636.0,1904.0,617.0,3.1111,113900.0,INLAND
9549,-120.84,37.43,32.0,2892.0,521.0,1580.0,484.0,3.7784,164500.0,INLAND
9550,-120.94,37.4,32.0,1175.0,208.0,774.0,222.0,3.0,109400.0,INLAND
9551,-120.88,37.37,24.0,1294.0,222.0,684.0,221.0,2.6908,103100.0,INLAND
9552,-120.89,37.33,27.0,2692.0,481.0,1518.0,447.0,2.0417,94200.0,INLAND
9553,-120.64,37.38,21.0,3157.0,637.0,2268.0,620.0,2.567,70400.0,INLAND
9554,-120.64,37.38,19.0,2256.0,449.0,1469.0,435.0,2.5129,84600.0,INLAND
9555,-120.65,37.33,25.0,1731.0,311.0,810.0,266.0,4.1058,107600.0,INLAND
9556,-120.59,37.39,16.0,4717.0,1119.0,3589.0,1017.0,2.1061,72800.0,INLAND
9557,-120.63,37.41,27.0,2083.0,444.0,1462.0,479.0,2.6439,69100.0,INLAND
9558,-120.57,37.43,39.0,2235.0,412.0,1268.0,402.0,2.6758,74600.0,INLAND
9559,-120.6,37.37,10.0,3075.0,498.0,1368.0,487.0,4.6667,130100.0,INLAND
9560,-120.6,37.36,27.0,2521.0,484.0,1307.0,456.0,3.0911,86900.0,INLAND
9561,-120.63,37.36,16.0,1605.0,282.0,866.0,284.0,4.0694,110200.0,INLAND
9562,-120.62,37.35,18.0,874.0,203.0,572.0,190.0,1.6833,71000.0,INLAND
9563,-120.62,37.36,15.0,3455.0,729.0,2014.0,659.0,3.2656,83500.0,INLAND
9564,-120.62,37.37,8.0,2608.0,428.0,1530.0,435.0,3.968,102100.0,INLAND
9565,-120.59,37.36,11.0,3946.0,978.0,2814.0,953.0,2.0179,87300.0,INLAND
9566,-120.6,37.35,34.0,1722.0,316.0,904.0,315.0,2.4653,66100.0,INLAND
9567,-120.61,37.35,34.0,1900.0,401.0,1009.0,385.0,2.2222,75000.0,INLAND
9568,-120.62,37.35,20.0,1457.0,372.0,1000.0,346.0,1.4615,69200.0,INLAND
9569,-120.61,37.32,18.0,5009.0,826.0,2497.0,805.0,4.25,146300.0,INLAND
9570,-120.6,37.34,34.0,1830.0,431.0,1304.0,415.0,2.1182,68900.0,INLAND
9571,-120.61,37.36,16.0,638.0,,380.0,132.0,1.9135,87500.0,INLAND
9572,-120.57,37.35,18.0,704.0,176.0,520.0,154.0,3.003,101300.0,INLAND
9573,-120.6,37.35,19.0,3874.0,676.0,2441.0,707.0,3.2955,88600.0,INLAND
9574,-120.59,37.35,15.0,3249.0,613.0,1569.0,595.0,3.5393,88000.0,INLAND
9575,-120.58,37.36,33.0,3564.0,716.0,2603.0,696.0,2.2179,67500.0,INLAND
9576,-120.64,37.2,16.0,2236.0,438.0,1361.0,393.0,2.0066,125000.0,INLAND
9577,-120.55,37.32,21.0,1410.0,229.0,590.0,205.0,3.3194,141400.0,INLAND
9578,-120.49,37.26,28.0,2159.0,416.0,1283.0,378.0,1.8939,83000.0,INLAND
9579,-120.5,37.37,18.0,8606.0,1678.0,5303.0,1644.0,2.4012,79700.0,INLAND
9580,-120.41,37.16,21.0,1684.0,341.0,1052.0,312.0,2.0809,95800.0,INLAND
9581,-120.51,37.32,13.0,2109.0,477.0,1108.0,466.0,2.3099,89600.0,INLAND
9582,-120.49,37.32,10.0,1275.0,255.0,620.0,240.0,3.0263,118300.0,INLAND
9583,-120.5,37.32,13.0,1936.0,384.0,1158.0,367.0,2.75,83200.0,INLAND
9584,-120.49,37.32,13.0,3474.0,927.0,2149.0,821.0,1.9528,85300.0,INLAND
9585,-120.48,37.32,13.0,3641.0,897.0,1737.0,788.0,2.1418,130600.0,INLAND
9586,-120.47,37.32,15.0,3952.0,984.0,2024.0,1026.0,2.558,121600.0,INLAND
9587,-120.5,37.34,16.0,1245.0,231.0,956.0,219.0,3.4559,108000.0,INLAND
9588,-120.48,37.34,8.0,6146.0,1017.0,2821.0,987.0,4.67,127600.0,INLAND
9589,-120.47,37.34,9.0,2934.0,511.0,1227.0,501.0,3.6742,117200.0,INLAND
9590,-120.43,37.32,16.0,1170.0,178.0,566.0,181.0,5.2522,125300.0,INLAND
9591,-120.45,37.32,21.0,1318.0,202.0,618.0,197.0,4.8214,117800.0,INLAND
9592,-120.45,37.32,19.0,3136.0,466.0,1631.0,484.0,3.6471,101400.0,INLAND
9593,-120.46,37.33,4.0,786.0,116.0,368.0,109.0,6.3215,138200.0,INLAND
9594,-120.46,37.33,17.0,6111.0,1171.0,2950.0,1104.0,3.2852,98800.0,INLAND
9595,-120.44,37.31,16.0,3369.0,532.0,1770.0,574.0,5.2662,126200.0,INLAND
9596,-120.45,37.31,20.0,4379.0,753.0,2055.0,716.0,3.7652,133500.0,INLAND
9597,-120.46,37.31,26.0,3170.0,572.0,1524.0,565.0,3.48,95300.0,INLAND
9598,-120.48,37.31,42.0,2361.0,512.0,1684.0,511.0,2.355,75600.0,INLAND
9599,-120.5,37.31,36.0,2162.0,433.0,1048.0,451.0,2.6797,81800.0,INLAND
9600,-120.49,37.31,45.0,1834.0,421.0,1405.0,407.0,2.0521,72400.0,INLAND
9601,-120.48,37.3,49.0,2919.0,719.0,1956.0,679.0,1.5427,88500.0,INLAND
9602,-120.48,37.3,39.0,1015.0,356.0,875.0,313.0,1.5,67000.0,INLAND
9603,-120.49,37.3,50.0,985.0,309.0,621.0,250.0,1.3125,60900.0,INLAND
9604,-120.44,37.31,21.0,6911.0,1341.0,3967.0,1297.0,3.0515,95200.0,INLAND
9605,-120.46,37.31,35.0,2042.0,378.0,953.0,356.0,2.7344,87800.0,INLAND
9606,-120.47,37.3,40.0,3693.0,771.0,2102.0,742.0,2.1838,75000.0,INLAND
9607,-120.46,37.3,36.0,3346.0,739.0,2151.0,713.0,2.3095,68300.0,INLAND
9608,-120.51,37.29,20.0,4927.0,1042.0,4205.0,1009.0,1.7679,79800.0,INLAND
9609,-120.5,37.3,29.0,1572.0,456.0,1697.0,429.0,1.76,63200.0,INLAND
9610,-120.49,37.3,35.0,1313.0,324.0,1350.0,343.0,1.75,57600.0,INLAND
9611,-120.49,37.29,17.0,2414.0,594.0,2487.0,582.0,1.0955,62700.0,INLAND
9612,-120.47,37.29,16.0,749.0,222.0,1277.0,224.0,1.2054,60900.0,INLAND
9613,-120.48,37.29,17.0,2266.0,693.0,3200.0,664.0,1.5635,60400.0,INLAND
9614,-120.47,37.28,19.0,1548.0,319.0,1227.0,309.0,1.7756,73300.0,INLAND
9615,-120.49,37.28,11.0,1721.0,381.0,1708.0,373.0,1.9535,57100.0,INLAND
9616,-120.44,37.28,12.0,2855.0,598.0,1658.0,586.0,2.3929,81100.0,INLAND
9617,-120.44,37.29,18.0,1260.0,268.0,576.0,263.0,1.7222,101500.0,INLAND
9618,-120.46,37.29,30.0,2972.0,635.0,1940.0,590.0,2.3594,72300.0,INLAND
9619,-120.43,37.35,15.0,1613.0,203.0,673.0,213.0,5.9378,212200.0,INLAND
9620,-120.4,37.3,28.0,1401.0,,967.0,257.0,1.5917,89400.0,INLAND
9621,-120.3,37.34,33.0,993.0,186.0,556.0,175.0,2.4286,103600.0,INLAND
9622,-120.32,37.29,38.0,576.0,,478.0,112.0,2.3382,59600.0,INLAND
9623,-120.31,37.29,40.0,1542.0,341.0,1283.0,341.0,1.6929,55900.0,INLAND
9624,-120.31,37.29,36.0,969.0,206.0,732.0,175.0,1.5938,57600.0,INLAND
9625,-120.32,37.29,9.0,695.0,188.0,810.0,190.0,1.6172,56300.0,INLAND
9626,-120.25,37.23,34.0,1656.0,328.0,1110.0,332.0,2.1845,59900.0,INLAND
9627,-120.24,37.21,31.0,2447.0,465.0,1313.0,352.0,3.3929,93800.0,INLAND
9628,-120.35,37.31,17.0,605.0,159.0,416.0,83.0,2.0,87500.0,INLAND
9629,-121.0,37.25,31.0,1923.0,341.0,806.0,349.0,3.1738,97600.0,INLAND
9630,-121.0,37.26,45.0,1750.0,371.0,847.0,354.0,1.7062,77400.0,INLAND
9631,-121.0,37.25,21.0,1937.0,389.0,1002.0,373.0,2.6087,96200.0,INLAND
9632,-121.01,37.25,16.0,2216.0,458.0,1135.0,424.0,2.7316,97500.0,INLAND
9633,-121.06,37.18,30.0,2603.0,507.0,1491.0,473.0,3.0909,123400.0,INLAND
9634,-120.89,37.21,25.0,3301.0,678.0,994.0,306.0,3.2262,97200.0,INLAND
9635,-121.02,37.09,17.0,1118.0,270.0,560.0,244.0,2.0216,112500.0,INLAND
9636,-121.02,36.94,33.0,1541.0,313.0,880.0,272.0,2.5074,117700.0,INLAND
9637,-120.77,37.01,28.0,1689.0,378.0,1057.0,267.0,3.125,156300.0,INLAND
9638,-120.95,37.09,43.0,1116.0,222.0,801.0,207.0,2.875,97200.0,INLAND
9639,-120.85,37.08,3.0,3425.0,611.0,1588.0,459.0,4.1779,147800.0,INLAND
9640,-120.85,37.07,16.0,1795.0,362.0,1642.0,340.0,2.5363,86300.0,INLAND
9641,-120.84,37.07,24.0,1520.0,335.0,882.0,306.0,2.2019,100000.0,INLAND
9642,-120.84,37.06,14.0,1506.0,380.0,1096.0,352.0,1.1301,78500.0,INLAND
9643,-120.85,37.06,31.0,2609.0,645.0,1796.0,629.0,1.5479,82000.0,INLAND
9644,-120.87,37.07,26.0,2036.0,401.0,1343.0,414.0,3.6331,88600.0,INLAND
9645,-120.87,37.05,29.0,4176.0,779.0,2092.0,741.0,2.595,104200.0,INLAND
9646,-120.85,37.05,32.0,2893.0,481.0,1198.0,466.0,3.1719,140600.0,INLAND
9647,-120.84,37.05,8.0,1944.0,283.0,814.0,276.0,5.3988,165500.0,INLAND
9648,-120.79,37.08,9.0,97.0,20.0,91.0,22.0,2.9063,55000.0,INLAND
9649,-120.83,37.07,16.0,3736.0,761.0,1942.0,730.0,2.5598,120200.0,INLAND
9650,-120.82,37.05,15.0,1385.0,288.0,775.0,255.0,1.933,140600.0,INLAND
9651,-120.65,37.09,22.0,886.0,173.0,595.0,161.0,2.4398,150000.0,INLAND
9652,-120.61,37.03,34.0,1841.0,354.0,1019.0,356.0,1.7841,67500.0,INLAND
9653,-120.7,36.99,32.0,320.0,73.0,222.0,78.0,2.9271,87500.0,INLAND
9654,-120.65,36.98,26.0,1787.0,364.0,1548.0,362.0,1.7188,49500.0,INLAND
9655,-120.63,36.98,20.0,2380.0,489.0,1581.0,505.0,2.0595,61300.0,INLAND
9656,-120.64,36.99,23.0,2363.0,449.0,1168.0,410.0,2.2794,75700.0,INLAND
9657,-120.62,36.99,32.0,2455.0,508.0,1344.0,492.0,1.9732,69400.0,INLAND
9658,-120.67,37.37,18.0,164.0,30.0,104.0,32.0,1.6607,87500.0,INLAND
9659,-121.16,41.78,42.0,2918.0,576.0,1182.0,440.0,2.1434,44000.0,INLAND
9660,-121.18,41.31,22.0,2124.0,432.0,829.0,313.0,2.4519,57500.0,INLAND
9661,-120.87,41.54,21.0,1091.0,208.0,660.0,188.0,2.2321,34600.0,INLAND
9662,-120.51,41.35,16.0,2843.0,564.0,892.0,386.0,2.5074,69100.0,INLAND
9663,-120.48,41.82,20.0,1367.0,284.0,429.0,181.0,2.0227,47500.0,INLAND
9664,-120.08,41.79,34.0,1355.0,262.0,434.0,178.0,2.0903,56100.0,INLAND
9665,-120.12,41.4,33.0,2820.0,515.0,976.0,403.0,2.6062,52600.0,INLAND
9666,-120.55,41.61,22.0,9047.0,1831.0,4276.0,1622.0,2.0802,47900.0,INLAND
9667,-119.54,38.51,14.0,1250.0,272.0,721.0,234.0,2.35,95700.0,INLAND
9668,-119.44,38.53,20.0,1963.0,434.0,682.0,273.0,1.5817,97800.0,INLAND
9669,-119.3,38.26,19.0,3325.0,660.0,750.0,286.0,2.9509,114800.0,INLAND
9670,-118.98,38.03,15.0,991.0,277.0,419.0,170.0,3.5469,82500.0,INLAND
9671,-119.07,37.8,12.0,1736.0,352.0,330.0,123.0,3.5294,160700.0,INLAND
9672,-119.08,37.78,17.0,1631.0,335.0,285.0,128.0,2.7656,130000.0,INLAND
9673,-118.45,37.7,15.0,2199.0,453.0,899.0,347.0,2.35,107800.0,INLAND
9674,-118.74,37.58,20.0,3301.0,779.0,1085.0,448.0,3.7315,159300.0,INLAND
9675,-118.96,37.64,11.0,3934.0,697.0,901.0,345.0,4.2381,242700.0,INLAND
9676,-119.02,37.64,14.0,5919.0,1278.0,265.0,112.0,3.2431,221400.0,INLAND
9677,-118.98,37.65,18.0,1795.0,416.0,483.0,208.0,4.5375,169800.0,INLAND
9678,-118.99,37.65,20.0,2474.0,625.0,338.0,141.0,5.01,195500.0,INLAND
9679,-118.98,37.64,17.0,3769.0,908.0,1160.0,453.0,3.05,188900.0,INLAND
9680,-118.97,37.64,13.0,1907.0,544.0,575.0,234.0,3.0685,162500.0,INLAND
9681,-118.97,37.64,14.0,2284.0,622.0,342.0,137.0,3.0921,87500.0,INLAND
9682,-118.97,37.64,14.0,1847.0,439.0,238.0,98.0,3.6042,137500.0,INLAND
9683,-118.99,37.63,10.0,7744.0,1573.0,483.0,224.0,3.2917,231800.0,INLAND
9684,-121.64,36.72,17.0,4203.0,816.0,2900.0,827.0,4.1742,159900.0,<1H OCEAN
9685,-121.63,36.71,19.0,5015.0,1013.0,3251.0,940.0,3.9818,152900.0,<1H OCEAN
9686,-121.62,36.71,24.0,4195.0,706.0,2200.0,647.0,4.3451,177800.0,<1H OCEAN
9687,-121.62,36.74,30.0,1337.0,253.0,838.0,247.0,5.0374,165400.0,<1H OCEAN
9688,-121.64,36.7,32.0,4089.0,735.0,2927.0,713.0,4.1675,142500.0,<1H OCEAN
9689,-121.65,36.7,29.0,4964.0,1056.0,2773.0,1036.0,3.0827,148100.0,<1H OCEAN
9690,-121.66,36.71,27.0,4131.0,886.0,2002.0,815.0,3.2929,157500.0,<1H OCEAN
9691,-121.66,36.7,33.0,3252.0,630.0,2010.0,641.0,3.4222,158100.0,<1H OCEAN
9692,-121.65,36.69,21.0,7884.0,2011.0,4907.0,1919.0,2.7367,160300.0,<1H OCEAN
9693,-121.64,36.68,16.0,6568.0,1603.0,6012.0,1565.0,2.3463,156100.0,<1H OCEAN
9694,-121.63,36.68,24.0,2591.0,739.0,3243.0,702.0,2.1766,108500.0,<1H OCEAN
9695,-121.61,36.68,37.0,3149.0,833.0,3456.0,788.0,2.8542,127600.0,<1H OCEAN
9696,-121.62,36.68,43.0,2534.0,592.0,2448.0,603.0,2.4884,130500.0,<1H OCEAN
9697,-121.61,36.69,19.0,9899.0,2617.0,11272.0,2528.0,2.0244,118500.0,<1H OCEAN
9698,-121.61,36.67,39.0,3260.0,821.0,3130.0,793.0,2.5224,119200.0,<1H OCEAN
9699,-121.62,36.67,45.0,1827.0,408.0,1507.0,410.0,2.8942,129000.0,<1H OCEAN
9700,-121.62,36.67,31.0,2697.0,690.0,2220.0,665.0,2.5329,135200.0,<1H OCEAN
9701,-121.63,36.67,34.0,2486.0,560.0,2443.0,557.0,2.5263,130400.0,<1H OCEAN
9702,-121.64,36.67,28.0,256.0,66.0,214.0,60.0,3.0197,137500.0,<1H OCEAN
9703,-121.63,36.65,44.0,309.0,121.0,315.0,80.0,1.6071,112500.0,<1H OCEAN
9704,-121.64,36.66,24.0,3174.0,506.0,1466.0,535.0,5.2285,248100.0,<1H OCEAN
9705,-121.65,36.66,30.0,3745.0,767.0,1762.0,748.0,3.2355,214200.0,<1H OCEAN
9706,-121.65,36.66,42.0,4261.0,840.0,2013.0,801.0,3.5288,221000.0,<1H OCEAN
9707,-121.65,36.67,52.0,2351.0,459.0,1169.0,439.0,2.8924,169600.0,<1H OCEAN
9708,-121.65,36.67,28.0,1926.0,556.0,1717.0,535.0,1.9385,123200.0,<1H OCEAN
9709,-121.66,36.68,10.0,913.0,265.0,508.0,251.0,0.9914,147500.0,<1H OCEAN
9710,-121.66,36.67,40.0,2878.0,592.0,1444.0,564.0,3.1439,192300.0,<1H OCEAN
9711,-121.66,36.67,40.0,2497.0,520.0,1275.0,508.0,3.1071,193100.0,<1H OCEAN
9712,-121.67,36.66,19.0,9371.0,1980.0,4259.0,1882.0,3.6875,189700.0,<1H OCEAN
9713,-121.67,36.67,24.0,3071.0,544.0,1477.0,560.0,3.9219,222500.0,<1H OCEAN
9714,-121.68,36.67,26.0,5745.0,1017.0,2780.0,996.0,5.0,202300.0,<1H OCEAN
9715,-121.67,36.68,38.0,5561.0,1292.0,3523.0,1253.0,2.8289,168300.0,<1H OCEAN
9716,-121.66,36.69,6.0,10613.0,2485.0,7249.0,2375.0,3.7912,168900.0,<1H OCEAN
9717,-121.79,36.85,28.0,1049.0,235.0,705.0,208.0,2.7321,150000.0,NEAR OCEAN
9718,-121.77,36.87,37.0,424.0,65.0,266.0,64.0,3.3472,293800.0,NEAR OCEAN
9719,-121.73,36.9,23.0,2392.0,721.0,3074.0,718.0,2.5195,136900.0,<1H OCEAN
9720,-121.71,36.9,16.0,1680.0,285.0,1103.0,275.0,4.6125,253800.0,<1H OCEAN
9721,-121.68,36.9,13.0,833.0,130.0,405.0,127.0,5.2729,322900.0,<1H OCEAN
9722,-121.66,36.89,15.0,2608.0,458.0,1531.0,457.0,5.5148,253500.0,<1H OCEAN
9723,-121.76,36.83,28.0,1445.0,268.0,1017.0,284.0,3.6693,211000.0,<1H OCEAN
9724,-121.73,36.86,28.0,827.0,178.0,703.0,144.0,4.4271,175700.0,<1H OCEAN
9725,-121.71,36.88,19.0,2528.0,554.0,2332.0,492.0,3.7766,177000.0,<1H OCEAN
9726,-121.73,36.85,22.0,1304.0,278.0,887.0,227.0,3.6607,206300.0,<1H OCEAN
9727,-121.7,36.84,19.0,2511.0,465.0,1551.0,450.0,4.9107,231900.0,<1H OCEAN
9728,-121.65,36.85,20.0,2606.0,424.0,1361.0,426.0,4.5787,245100.0,<1H OCEAN
9729,-121.69,36.8,19.0,2164.0,410.0,1309.0,426.0,3.338,185300.0,<1H OCEAN
9730,-121.74,36.79,16.0,3841.0,620.0,1799.0,611.0,4.3814,245300.0,<1H OCEAN
9731,-121.72,36.81,18.0,1984.0,379.0,1078.0,359.0,3.2969,229900.0,<1H OCEAN
9732,-121.69,36.81,18.0,2837.0,522.0,1454.0,458.0,4.5272,221000.0,<1H OCEAN
9733,-121.66,36.82,17.0,3921.0,654.0,1895.0,641.0,5.0092,238700.0,<1H OCEAN
9734,-121.64,36.82,18.0,1819.0,283.0,919.0,295.0,4.1696,222500.0,<1H OCEAN
9735,-121.76,36.75,21.0,1141.0,257.0,671.0,195.0,3.8424,155700.0,<1H OCEAN
9736,-121.7,36.77,21.0,2294.0,478.0,1306.0,430.0,3.0347,227200.0,<1H OCEAN
9737,-121.76,36.77,27.0,1608.0,503.0,2031.0,498.0,2.3384,121000.0,<1H OCEAN
9738,-121.75,36.77,25.0,1851.0,418.0,1678.0,390.0,3.2937,135300.0,<1H OCEAN
9739,-121.75,36.76,32.0,1740.0,399.0,1563.0,389.0,2.7694,132400.0,<1H OCEAN
9740,-121.64,36.74,30.0,2628.0,444.0,1372.0,432.0,4.1696,175000.0,<1H OCEAN
9741,-121.64,36.8,18.0,5915.0,1000.0,2975.0,975.0,4.5812,255200.0,<1H OCEAN
9742,-121.6,36.81,18.0,1575.0,230.0,751.0,219.0,5.2203,286500.0,<1H OCEAN
9743,-121.65,36.77,15.0,2191.0,358.0,1150.0,330.0,4.7969,227500.0,<1H OCEAN
9744,-121.68,36.72,12.0,19234.0,4492.0,12153.0,4372.0,3.2652,152800.0,<1H OCEAN
9745,-121.7,36.67,37.0,641.0,129.0,458.0,142.0,3.3456,252600.0,<1H OCEAN
9746,-121.62,36.63,52.0,1437.0,298.0,836.0,257.0,3.6286,165500.0,<1H OCEAN
9747,-121.54,36.7,12.0,6758.0,1241.0,3918.0,1100.0,3.525,201700.0,<1H OCEAN
9748,-121.62,36.69,11.0,4712.0,1098.0,5982.0,1105.0,2.5986,135700.0,<1H OCEAN
9749,-121.62,36.69,12.0,512.0,144.0,767.0,149.0,2.2667,72900.0,<1H OCEAN
9750,-121.69,36.62,19.0,1907.0,323.0,681.0,270.0,6.0332,244900.0,<1H OCEAN
9751,-121.7,36.6,19.0,3562.0,530.0,1607.0,505.0,5.0162,283100.0,<1H OCEAN
9752,-121.67,36.58,11.0,5892.0,837.0,2327.0,812.0,6.1551,291800.0,<1H OCEAN
9753,-121.59,36.55,34.0,737.0,140.0,362.0,138.0,5.1788,270000.0,<1H OCEAN
9754,-121.7,36.55,21.0,3905.0,583.0,1528.0,586.0,7.6245,336600.0,<1H OCEAN
9755,-121.69,36.52,15.0,4037.0,586.0,1596.0,557.0,8.0922,390100.0,<1H OCEAN
9756,-121.43,36.5,14.0,1835.0,468.0,1867.0,461.0,2.3879,129800.0,<1H OCEAN
9757,-121.44,36.51,31.0,1636.0,380.0,1468.0,339.0,3.2219,114700.0,<1H OCEAN
9758,-121.45,36.51,29.0,1045.0,311.0,1245.0,273.0,1.775,112500.0,<1H OCEAN
9759,-121.42,36.57,13.0,2685.0,621.0,2474.0,573.0,2.8775,134100.0,<1H OCEAN
9760,-121.48,36.49,28.0,1006.0,228.0,738.0,193.0,1.9722,210700.0,<1H OCEAN
9761,-121.74,36.49,33.0,2952.0,565.0,1264.0,517.0,4.4209,274600.0,<1H OCEAN
9762,-121.73,36.5,27.0,3184.0,520.0,1121.0,493.0,5.6383,377000.0,<1H OCEAN
9763,-121.74,36.47,28.0,1973.0,343.0,970.0,349.0,4.25,279100.0,<1H OCEAN
9764,-121.7,36.48,19.0,2150.0,479.0,1052.0,428.0,3.5039,288400.0,<1H OCEAN
9765,-121.62,36.43,20.0,1335.0,290.0,717.0,243.0,4.7891,230600.0,<1H OCEAN
9766,-121.66,36.37,9.0,1580.0,287.0,465.0,208.0,6.1668,405800.0,<1H OCEAN
9767,-121.31,36.42,21.0,2740.0,615.0,2630.0,564.0,2.6629,102700.0,<1H OCEAN
9768,-121.32,36.42,20.0,1054.0,269.0,1219.0,273.0,3.0437,76600.0,<1H OCEAN
9769,-121.32,36.43,22.0,2927.0,637.0,2546.0,618.0,2.7153,114300.0,<1H OCEAN
9770,-121.33,36.43,40.0,622.0,194.0,902.0,196.0,2.625,109100.0,<1H OCEAN
9771,-121.4,36.38,39.0,2288.0,529.0,1449.0,410.0,3.3289,190600.0,<1H OCEAN
9772,-121.23,36.33,23.0,2095.0,536.0,1858.0,457.0,3.0543,92400.0,<1H OCEAN
9773,-121.25,36.32,12.0,4776.0,1082.0,4601.0,1066.0,2.9184,100500.0,<1H OCEAN
9774,-121.26,36.32,30.0,146.0,41.0,164.0,40.0,2.3,206300.0,<1H OCEAN
9775,-121.24,36.33,13.0,1642.0,418.0,1534.0,388.0,3.1222,125500.0,<1H OCEAN
9776,-121.24,36.34,33.0,1691.0,308.0,792.0,262.0,2.6648,164600.0,<1H OCEAN
9777,-121.12,36.21,16.0,1720.0,473.0,1427.0,291.0,2.1107,76200.0,<1H OCEAN
9778,-121.13,36.21,27.0,1476.0,352.0,1156.0,358.0,3.1929,137900.0,<1H OCEAN
9779,-121.13,36.21,30.0,1484.0,414.0,1200.0,351.0,1.7548,95800.0,<1H OCEAN
9780,-121.13,36.21,34.0,2504.0,550.0,1810.0,547.0,3.4821,113700.0,<1H OCEAN
9781,-121.13,36.2,16.0,1868.0,443.0,1323.0,436.0,2.9559,163200.0,<1H OCEAN
9782,-121.02,36.24,12.0,2198.0,507.0,1971.0,502.0,2.6801,100000.0,<1H OCEAN
9783,-121.2,36.14,12.0,3738.0,710.0,2337.0,664.0,3.9647,135000.0,<1H OCEAN
9784,-121.39,36.16,28.0,1057.0,249.0,288.0,130.0,3.0526,146900.0,NEAR OCEAN
9785,-121.32,35.95,31.0,372.0,68.0,479.0,67.0,3.5547,200000.0,NEAR OCEAN
9786,-121.0,35.94,16.0,3077.0,628.0,1479.0,536.0,3.3724,114600.0,<1H OCEAN
9787,-120.79,36.06,29.0,1916.0,386.0,1019.0,314.0,2.4881,87500.0,<1H OCEAN
9788,-120.51,35.91,39.0,768.0,162.0,264.0,118.0,5.3245,250000.0,INLAND
9789,-121.91,36.42,14.0,1078.0,261.0,382.0,171.0,3.7083,210000.0,NEAR OCEAN
9790,-121.84,36.25,20.0,958.0,245.0,590.0,189.0,2.6094,362500.0,NEAR OCEAN
9791,-121.62,36.14,25.0,726.0,274.0,411.0,214.0,3.2375,450000.0,NEAR OCEAN
9792,-121.87,36.55,20.0,10053.0,1768.0,3083.0,1621.0,5.1506,387500.0,NEAR OCEAN
9793,-121.82,36.54,22.0,1746.0,363.0,886.0,364.0,5.5469,378800.0,<1H OCEAN
9794,-121.77,36.53,18.0,2321.0,358.0,803.0,341.0,10.1854,426000.0,<1H OCEAN
9795,-121.84,36.52,18.0,3165.0,533.0,1312.0,434.0,6.5234,357400.0,NEAR OCEAN
9796,-121.88,36.49,28.0,2830.0,458.0,898.0,370.0,5.8142,500001.0,NEAR OCEAN
9797,-121.92,36.57,42.0,3944.0,738.0,1374.0,598.0,4.174,394400.0,NEAR OCEAN
9798,-121.91,36.55,39.0,5468.0,834.0,1782.0,712.0,5.7248,398800.0,NEAR OCEAN
9799,-121.92,36.54,33.0,5323.0,887.0,1670.0,740.0,3.9792,468000.0,NEAR OCEAN
9800,-121.92,36.56,40.0,2124.0,449.0,643.0,341.0,5.5164,369100.0,NEAR OCEAN
9801,-121.94,36.55,30.0,2722.0,584.0,628.0,384.0,3.4048,487100.0,NEAR OCEAN
9802,-121.92,36.56,39.0,2144.0,538.0,749.0,419.0,2.7039,364000.0,NEAR OCEAN
9803,-121.92,36.55,37.0,2190.0,419.0,490.0,300.0,3.7852,465800.0,NEAR OCEAN
9804,-121.92,36.55,44.0,3494.0,635.0,693.0,415.0,3.6,452800.0,NEAR OCEAN
9805,-121.92,36.55,52.0,2616.0,483.0,582.0,313.0,3.275,500001.0,NEAR OCEAN
9806,-121.95,36.61,31.0,1736.0,250.0,497.0,170.0,6.3835,407800.0,NEAR OCEAN
9807,-121.93,36.59,25.0,2201.0,353.0,622.0,295.0,5.0621,386500.0,NEAR OCEAN
9808,-121.95,36.6,32.0,3152.0,504.0,793.0,426.0,7.1198,469900.0,NEAR OCEAN
9809,-121.95,36.59,22.0,3553.0,530.0,1108.0,441.0,5.8505,417100.0,NEAR OCEAN
9810,-121.94,36.58,23.0,4911.0,693.0,1480.0,606.0,6.777,500000.0,NEAR OCEAN
9811,-121.94,36.57,28.0,3153.0,409.0,569.0,271.0,14.4113,500001.0,NEAR OCEAN
9812,-121.93,36.6,33.0,3455.0,683.0,1704.0,663.0,4.0154,225700.0,NEAR OCEAN
9813,-121.92,36.61,29.0,3735.0,808.0,1873.0,757.0,3.1543,253800.0,NEAR OCEAN
9814,-121.93,36.62,34.0,2351.0,,1063.0,428.0,3.725,278000.0,NEAR OCEAN
9815,-121.92,36.61,27.0,3044.0,661.0,1229.0,618.0,3.1359,268000.0,NEAR OCEAN
9816,-121.93,36.62,39.0,869.0,173.0,406.0,165.0,4.0313,253800.0,NEAR OCEAN
9817,-121.92,36.62,52.0,974.0,190.0,403.0,181.0,4.3281,236500.0,NEAR OCEAN
9818,-121.92,36.62,52.0,1001.0,191.0,425.0,184.0,3.7614,241700.0,NEAR OCEAN
9819,-121.92,36.62,47.0,1811.0,401.0,948.0,375.0,3.0379,249300.0,NEAR OCEAN
9820,-121.91,36.62,52.0,1431.0,300.0,657.0,293.0,3.2865,240100.0,<1H OCEAN
9821,-121.92,36.62,52.0,867.0,199.0,391.0,187.0,2.6713,234600.0,NEAR OCEAN
9822,-121.92,36.62,52.0,1410.0,303.0,578.0,285.0,2.5625,235400.0,NEAR OCEAN
9823,-121.92,36.62,52.0,728.0,161.0,313.0,142.0,3.4327,254500.0,NEAR OCEAN
9824,-121.91,36.62,40.0,1292.0,271.0,504.0,230.0,2.475,258300.0,<1H OCEAN
9825,-121.91,36.62,30.0,724.0,167.0,325.0,155.0,3.3333,247900.0,<1H OCEAN
9826,-121.71,36.78,19.0,2371.0,324.0,944.0,332.0,5.9175,240200.0,<1H OCEAN
9827,-121.92,36.62,52.0,2584.0,599.0,790.0,444.0,2.5263,286400.0,NEAR OCEAN
9828,-121.91,36.62,52.0,541.0,157.0,240.0,145.0,3.5865,290000.0,<1H OCEAN
9829,-121.91,36.62,52.0,1220.0,267.0,488.0,265.0,3.7454,243800.0,<1H OCEAN
9830,-121.91,36.63,42.0,817.0,194.0,391.0,193.0,2.1776,279200.0,<1H OCEAN
9831,-121.93,36.63,28.0,3983.0,852.0,1582.0,778.0,3.5147,313900.0,NEAR OCEAN
9832,-121.93,36.63,33.0,1740.0,342.0,638.0,329.0,3.1912,319800.0,NEAR OCEAN
9833,-121.92,36.63,40.0,1076.0,193.0,406.0,180.0,3.4943,311100.0,<1H OCEAN
9834,-121.93,36.63,41.0,1049.0,198.0,428.0,183.0,4.3571,287500.0,NEAR OCEAN
9835,-121.92,36.63,36.0,877.0,175.0,349.0,168.0,3.4167,339100.0,<1H OCEAN
9836,-121.89,36.63,20.0,1834.0,554.0,971.0,514.0,3.0383,217300.0,<1H OCEAN
9837,-121.9,36.61,29.0,3412.0,827.0,1574.0,759.0,2.9309,217100.0,NEAR OCEAN
9838,-121.91,36.61,30.0,2755.0,597.0,1519.0,554.0,3.2952,234600.0,NEAR OCEAN
9839,-121.92,36.61,27.0,1619.0,352.0,831.0,344.0,4.3,226400.0,NEAR OCEAN
9840,-121.92,36.61,21.0,1242.0,340.0,834.0,362.0,2.4922,243800.0,NEAR OCEAN
9841,-121.9,36.6,39.0,1629.0,423.0,804.0,386.0,2.4663,236500.0,NEAR OCEAN
9842,-121.9,36.6,33.0,2461.0,649.0,1234.0,601.0,2.8727,225000.0,NEAR OCEAN
9843,-121.9,36.6,45.0,2249.0,412.0,944.0,429.0,3.0625,260300.0,NEAR OCEAN
9844,-121.9,36.59,42.0,2689.0,510.0,1023.0,459.0,4.6182,301000.0,NEAR OCEAN
9845,-121.9,36.58,31.0,1431.0,,704.0,393.0,3.1977,289300.0,NEAR OCEAN
9846,-121.91,36.59,31.0,2034.0,335.0,966.0,322.0,4.6964,291300.0,NEAR OCEAN
9847,-121.91,36.6,35.0,2605.0,410.0,1110.0,406.0,5.5519,329500.0,NEAR OCEAN
9848,-121.91,36.59,17.0,5039.0,833.0,1678.0,710.0,6.2323,339100.0,NEAR OCEAN
9849,-121.89,36.6,40.0,626.0,164.0,337.0,150.0,2.7917,225000.0,<1H OCEAN
9850,-121.89,36.6,19.0,656.0,200.0,248.0,173.0,1.2656,500000.0,<1H OCEAN
9851,-121.88,36.6,30.0,1671.0,469.0,760.0,375.0,2.5164,178100.0,<1H OCEAN
9852,-121.88,36.59,30.0,1822.0,505.0,932.0,496.0,2.6894,179500.0,<1H OCEAN
9853,-121.89,36.59,18.0,2700.0,937.0,1042.0,744.0,3.1364,150000.0,NEAR OCEAN
9854,-121.89,36.59,32.0,784.0,112.0,262.0,114.0,6.918,500001.0,NEAR OCEAN
9855,-121.88,36.58,29.0,4910.0,871.0,3438.0,904.0,4.0432,450000.0,NEAR OCEAN
9856,-121.86,36.58,20.0,6332.0,991.0,2668.0,955.0,5.7578,347700.0,<1H OCEAN
9857,-121.81,36.57,13.0,3030.0,413.0,1027.0,363.0,6.9615,500001.0,<1H OCEAN
9858,-121.87,36.61,21.0,1616.0,400.0,688.0,384.0,4.2109,278800.0,<1H OCEAN
9859,-121.86,36.6,31.0,1044.0,285.0,762.0,301.0,3.038,195300.0,<1H OCEAN
9860,-121.86,36.6,21.0,3634.0,1011.0,1985.0,917.0,2.9085,156300.0,<1H OCEAN
9861,-121.86,36.6,33.0,1409.0,307.0,633.0,290.0,3.5568,191200.0,<1H OCEAN
9862,-121.85,36.6,21.0,2381.0,701.0,1264.0,659.0,2.5372,218000.0,<1H OCEAN
9863,-121.85,36.59,42.0,891.0,203.0,525.0,212.0,3.3156,186300.0,<1H OCEAN
9864,-121.84,36.59,34.0,3852.0,733.0,1661.0,696.0,4.3269,221300.0,<1H OCEAN
9865,-121.83,36.61,27.0,5665.0,1281.0,3612.0,1191.0,3.0542,142100.0,<1H OCEAN
9866,-121.83,36.6,30.0,2748.0,502.0,1491.0,535.0,4.3472,185000.0,<1H OCEAN
9867,-121.84,36.61,26.0,2902.0,761.0,2258.0,719.0,2.5663,128900.0,<1H OCEAN
9868,-121.84,36.6,30.0,2958.0,691.0,1616.0,666.0,3.4643,191800.0,<1H OCEAN
9869,-121.84,36.61,21.0,2876.0,802.0,2487.0,795.0,2.2007,112800.0,<1H OCEAN
9870,-121.84,36.61,15.0,2190.0,586.0,1570.0,510.0,1.875,122300.0,<1H OCEAN
9871,-121.82,36.61,24.0,2437.0,438.0,1430.0,444.0,3.8015,169100.0,<1H OCEAN
9872,-121.83,36.61,26.0,3723.0,789.0,2563.0,747.0,3.4531,133100.0,<1H OCEAN
9873,-121.83,36.61,27.0,2248.0,466.0,1644.0,453.0,3.2545,131200.0,<1H OCEAN
9874,-121.83,36.62,33.0,2938.0,576.0,1516.0,568.0,3.5,162400.0,<1H OCEAN
9875,-121.83,36.62,33.0,1771.0,398.0,1037.0,388.0,2.7708,161800.0,<1H OCEAN
9876,-121.85,36.6,41.0,3138.0,717.0,1890.0,642.0,2.4864,140400.0,<1H OCEAN
9877,-121.85,36.61,38.0,238.0,,191.0,67.0,1.3897,125000.0,<1H OCEAN
9878,-121.86,36.63,37.0,338.0,109.0,231.0,100.0,2.5313,108300.0,<1H OCEAN
9879,-121.84,36.62,26.0,32.0,8.0,27.0,10.0,2.225,150000.0,<1H OCEAN
9880,-121.79,36.64,11.0,32627.0,6445.0,28566.0,6082.0,2.3087,118800.0,<1H OCEAN
9881,-121.8,36.68,18.0,8581.0,1957.0,6071.0,1889.0,3.0,162200.0,<1H OCEAN
9882,-121.79,36.68,22.0,6912.0,1513.0,3794.0,1455.0,3.0608,168300.0,<1H OCEAN
9883,-121.8,36.72,14.0,2493.0,407.0,1296.0,418.0,5.4508,190000.0,<1H OCEAN
9884,-121.8,36.69,12.0,3877.0,914.0,2274.0,858.0,3.4239,194800.0,<1H OCEAN
9885,-121.77,36.71,18.0,6601.0,1395.0,3562.0,1299.0,3.512,174800.0,<1H OCEAN
9886,-122.29,38.3,52.0,144.0,54.0,89.0,48.0,1.0096,162500.0,NEAR BAY
9887,-122.29,38.3,52.0,935.0,224.0,315.0,207.0,1.8287,146900.0,NEAR BAY
9888,-122.3,38.3,21.0,1108.0,269.0,524.0,274.0,2.7619,154600.0,NEAR BAY
9889,-122.3,38.3,52.0,1128.0,207.0,450.0,197.0,3.3542,154600.0,NEAR BAY
9890,-122.29,38.3,52.0,1219.0,288.0,847.0,283.0,1.6691,183300.0,NEAR BAY
9891,-122.28,38.29,23.0,1398.0,388.0,1112.0,406.0,2.2366,140200.0,NEAR BAY
9892,-122.29,38.29,52.0,3217.0,742.0,1670.0,671.0,2.4398,163100.0,NEAR BAY
9893,-122.3,38.29,48.0,2278.0,477.0,1219.0,453.0,2.9643,154000.0,NEAR BAY
9894,-122.3,38.29,40.0,1739.0,318.0,744.0,312.0,2.6518,156100.0,NEAR BAY
9895,-122.29,38.28,38.0,2308.0,425.0,1272.0,406.0,3.6083,134200.0,NEAR BAY
9896,-122.26,38.29,10.0,969.0,160.0,482.0,180.0,6.5799,218100.0,NEAR BAY
9897,-122.27,38.29,36.0,1446.0,306.0,678.0,295.0,2.8409,153000.0,NEAR BAY
9898,-122.28,38.3,23.0,526.0,152.0,245.0,130.0,2.0134,142500.0,NEAR BAY
9899,-122.28,38.29,19.0,531.0,112.0,139.0,80.0,1.9875,325000.0,NEAR BAY
9900,-122.27,38.29,20.0,3870.0,795.0,2088.0,774.0,3.3021,152700.0,NEAR BAY
9901,-122.26,38.28,24.0,2831.0,502.0,1462.0,503.0,4.5,158300.0,NEAR BAY
9902,-122.27,38.28,37.0,1170.0,303.0,766.0,302.0,2.6618,136200.0,NEAR BAY
9903,-122.26,38.31,33.0,4518.0,704.0,1776.0,669.0,5.2444,281100.0,NEAR BAY
9904,-122.27,38.32,31.0,1267.0,319.0,545.0,297.0,1.9946,206800.0,NEAR BAY
9905,-122.27,38.31,44.0,3030.0,589.0,1373.0,582.0,2.9054,155200.0,NEAR BAY
9906,-122.28,38.32,12.0,4609.0,1005.0,2293.0,960.0,3.4543,194500.0,NEAR BAY
9907,-122.29,38.32,23.0,4312.0,993.0,2317.0,934.0,2.7667,153200.0,NEAR BAY
9908,-122.3,38.32,20.0,2063.0,486.0,1045.0,460.0,2.5035,153200.0,NEAR BAY
9909,-122.3,38.31,34.0,1797.0,395.0,1162.0,407.0,3.455,137500.0,NEAR BAY
9910,-122.29,38.31,25.0,4927.0,1005.0,2756.0,998.0,2.7325,162900.0,NEAR BAY
9911,-122.28,38.31,52.0,58.0,18.0,48.0,22.0,1.76,166700.0,NEAR BAY
9912,-122.29,38.31,45.0,3075.0,754.0,1635.0,723.0,2.2721,139800.0,NEAR BAY
9913,-122.3,38.3,44.0,3690.0,809.0,1922.0,736.0,2.6346,139800.0,NEAR BAY
9914,-122.31,38.34,19.0,4187.0,684.0,1827.0,605.0,4.5293,210400.0,NEAR BAY
9915,-122.31,38.33,21.0,1922.0,344.0,1051.0,342.0,3.6042,183300.0,NEAR BAY
9916,-122.3,38.33,15.0,4741.0,956.0,2043.0,856.0,4.1862,183600.0,NEAR BAY
9917,-122.31,38.33,26.0,2155.0,339.0,956.0,365.0,4.0132,174700.0,NEAR BAY
9918,-122.31,38.32,33.0,2463.0,421.0,1235.0,465.0,3.7045,161500.0,NEAR BAY
9919,-122.32,38.33,17.0,851.0,118.0,370.0,123.0,5.0877,209300.0,NEAR BAY
9920,-122.33,38.33,15.0,3193.0,468.0,1303.0,426.0,5.3017,202600.0,NEAR BAY
9921,-122.32,38.32,19.0,2922.0,417.0,1221.0,442.0,5.8002,238700.0,NEAR BAY
9922,-122.32,38.32,22.0,2483.0,528.0,1478.0,492.0,4.0878,164400.0,NEAR BAY
9923,-122.31,38.32,35.0,3997.0,762.0,2074.0,703.0,3.285,138100.0,NEAR BAY
9924,-122.32,38.32,26.0,2710.0,498.0,1439.0,484.0,5.0,175200.0,NEAR BAY
9925,-122.33,38.31,14.0,6778.0,947.0,2768.0,1014.0,6.1953,258900.0,NEAR BAY
9926,-122.31,38.3,25.0,3883.0,740.0,1641.0,676.0,3.9,187300.0,NEAR BAY
9927,-122.31,38.31,32.0,2577.0,458.0,1172.0,447.0,3.8796,175500.0,NEAR BAY
9928,-122.31,38.3,45.0,3023.0,659.0,1789.0,657.0,3.6039,126000.0,NEAR BAY
9929,-122.32,38.29,21.0,1607.0,356.0,834.0,352.0,2.3787,177900.0,NEAR BAY
9930,-122.33,38.29,14.0,3541.0,499.0,1577.0,459.0,5.3351,269900.0,NEAR BAY
9931,-122.3,38.29,20.0,1789.0,434.0,1113.0,398.0,2.4728,139700.0,NEAR BAY
9932,-122.3,38.29,25.0,1701.0,427.0,1021.0,399.0,3.0404,142100.0,NEAR BAY
9933,-122.3,38.28,31.0,1633.0,316.0,944.0,300.0,3.3977,158700.0,NEAR BAY
9934,-122.31,38.27,34.0,1748.0,284.0,783.0,303.0,4.3585,194400.0,NEAR BAY
9935,-122.3,38.27,4.0,1051.0,263.0,455.0,248.0,3.6389,130200.0,NEAR BAY
9936,-122.3,38.25,18.0,3548.0,880.0,1476.0,699.0,3.7188,163400.0,NEAR BAY
9937,-122.21,38.28,35.0,1273.0,210.0,555.0,181.0,4.4861,269300.0,NEAR BAY
9938,-122.24,38.25,33.0,213.0,36.0,91.0,33.0,4.9167,187500.0,NEAR BAY
9939,-122.28,38.22,42.0,106.0,18.0,40.0,25.0,7.5197,275000.0,NEAR BAY
9940,-122.29,38.19,13.0,7065.0,1259.0,3864.0,1221.0,4.7472,148600.0,NEAR BAY
9941,-122.25,38.17,34.0,778.0,137.0,406.0,136.0,4.2955,121300.0,NEAR BAY
9942,-122.23,38.17,45.0,350.0,,225.0,72.0,1.8942,216700.0,NEAR BAY
9943,-122.25,38.16,17.0,4459.0,944.0,1812.0,888.0,2.9375,106700.0,NEAR BAY
9944,-122.26,38.16,23.0,2840.0,491.0,1586.0,466.0,4.0337,130400.0,NEAR BAY
9945,-122.39,38.37,33.0,1066.0,191.0,403.0,163.0,6.8,240800.0,<1H OCEAN
9946,-122.37,38.33,29.0,1868.0,291.0,764.0,284.0,4.825,195100.0,NEAR BAY
9947,-122.35,38.3,18.0,3735.0,557.0,1504.0,521.0,5.6304,243100.0,NEAR BAY
9948,-122.33,38.21,33.0,2017.0,370.0,949.0,342.0,4.625,228600.0,NEAR BAY
9949,-122.4,38.34,33.0,1408.0,273.0,520.0,212.0,3.5781,242500.0,<1H OCEAN
9950,-122.33,38.38,28.0,1020.0,169.0,504.0,164.0,4.5694,287500.0,INLAND
9951,-122.4,38.41,20.0,4867.0,1015.0,1725.0,1015.0,2.5685,267600.0,INLAND
9952,-122.32,38.35,20.0,3494.0,549.0,1673.0,541.0,5.5718,185200.0,INLAND
9953,-122.36,38.41,18.0,1808.0,400.0,968.0,370.0,3.7067,175000.0,INLAND
9954,-122.36,38.4,16.0,2716.0,546.0,898.0,500.0,2.2536,201200.0,INLAND
9955,-122.18,38.35,24.0,407.0,68.0,175.0,61.0,6.0266,216700.0,INLAND
9956,-122.21,38.41,12.0,4270.0,654.0,1624.0,598.0,5.5266,331300.0,INLAND
9957,-122.29,38.4,28.0,2024.0,340.0,844.0,309.0,4.7833,361100.0,INLAND
9958,-122.33,38.39,36.0,831.0,122.0,272.0,109.0,6.3427,304800.0,INLAND
9959,-122.28,38.34,44.0,1066.0,190.0,416.0,174.0,3.6389,304000.0,NEAR BAY
9960,-122.26,38.36,25.0,1821.0,344.0,349.0,179.0,6.9931,398800.0,INLAND
9961,-122.26,38.33,34.0,2048.0,316.0,780.0,267.0,5.815,339200.0,NEAR BAY
9962,-122.23,38.33,31.0,3440.0,574.0,1538.0,537.0,5.5368,325900.0,NEAR BAY
9963,-122.24,38.31,38.0,1938.0,301.0,823.0,285.0,6.1089,280800.0,NEAR BAY
9964,-122.52,38.53,35.0,1227.0,236.0,548.0,207.0,4.875,336700.0,INLAND
9965,-122.48,38.48,29.0,2278.0,397.0,765.0,322.0,4.6379,348200.0,INLAND
9966,-122.4,38.46,33.0,2542.0,466.0,1099.0,420.0,4.635,248500.0,INLAND
9967,-122.47,38.51,18.0,2487.0,516.0,980.0,503.0,3.5506,187500.0,INLAND
9968,-122.47,38.51,25.0,928.0,195.0,413.0,184.0,3.4904,196900.0,INLAND
9969,-122.48,38.51,49.0,1977.0,393.0,741.0,339.0,3.1312,247600.0,INLAND
9970,-122.48,38.5,37.0,3049.0,,1287.0,439.0,4.3125,276500.0,INLAND
9971,-122.47,38.5,23.0,2191.0,415.0,959.0,361.0,4.1993,214500.0,INLAND
9972,-122.45,38.51,18.0,1297.0,337.0,610.0,312.0,1.9441,184400.0,INLAND
9973,-122.4,38.53,24.0,1741.0,289.0,564.0,231.0,3.6118,248400.0,INLAND
9974,-122.44,38.57,26.0,2101.0,390.0,2171.0,360.0,3.6429,159700.0,INLAND
9975,-122.45,38.58,34.0,2517.0,483.0,1324.0,464.0,3.0938,189400.0,INLAND
9976,-122.47,38.6,20.0,1036.0,202.0,589.0,194.0,5.3698,303300.0,INLAND
9977,-122.48,38.54,37.0,1898.0,359.0,973.0,340.0,4.2096,256600.0,INLAND
9978,-122.46,38.53,32.0,1735.0,331.0,785.0,309.0,3.6641,275800.0,INLAND
9979,-122.27,38.68,18.0,742.0,142.0,343.0,119.0,3.1563,98400.0,INLAND
9980,-122.26,38.57,22.0,509.0,103.0,139.0,73.0,2.1979,152800.0,INLAND
9981,-122.27,38.53,22.0,678.0,137.0,336.0,103.0,4.4,142500.0,INLAND
9982,-122.18,38.49,15.0,1743.0,366.0,655.0,264.0,3.3393,146900.0,INLAND
9983,-122.52,38.67,35.0,1705.0,321.0,708.0,253.0,3.4539,300000.0,INLAND
9984,-122.59,38.56,43.0,2088.0,379.0,721.0,293.0,4.65,245000.0,<1H OCEAN
9985,-122.57,38.58,18.0,2083.0,506.0,926.0,487.0,1.9925,225000.0,INLAND
9986,-122.58,38.59,33.0,1239.0,262.0,539.0,246.0,3.5208,195800.0,INLAND
9987,-122.58,38.58,32.0,2723.0,637.0,1549.0,556.0,2.3942,183100.0,INLAND
9988,-122.59,38.58,18.0,3753.0,752.0,1454.0,668.0,3.7585,185700.0,<1H OCEAN
9989,-121.07,39.15,15.0,6828.0,1319.0,3002.0,1318.0,2.4726,143400.0,INLAND
9990,-121.07,39.09,17.0,1878.0,345.0,892.0,299.0,2.8864,143100.0,INLAND
9991,-121.1,39.08,13.0,1110.0,216.0,602.0,209.0,2.5887,144400.0,INLAND
9992,-121.11,39.09,16.0,1000.0,197.0,508.0,190.0,2.3062,138800.0,INLAND
9993,-121.12,39.03,17.0,838.0,161.0,388.0,142.0,3.6563,163500.0,INLAND
9994,-121.05,39.13,10.0,3063.0,497.0,1168.0,507.0,4.4375,185100.0,INLAND
9995,-121.03,39.14,10.0,3138.0,524.0,1275.0,511.0,4.0775,164500.0,INLAND
9996,-121.07,39.13,8.0,4839.0,832.0,1977.0,762.0,4.0848,155900.0,INLAND
9997,-121.05,39.11,7.0,2767.0,423.0,1143.0,382.0,3.6333,170200.0,INLAND
9998,-121.04,39.08,8.0,2870.0,526.0,1307.0,451.0,3.463,201700.0,INLAND
9999,-121.0,39.09,7.0,439.0,84.0,246.0,80.0,3.0781,162500.0,INLAND
10000,-121.08,39.02,13.0,1839.0,275.0,752.0,270.0,4.2031,209600.0,INLAND
